[INFO] Scanning for projects...
[INFO] 
[INFO] ------------------------< egovframework:signin >------------------------
[INFO] Building signin 1.0.0
[INFO] --------------------------------[ jar ]---------------------------------
[INFO] 
[INFO] >>> spring-boot-maven-plugin:2.7.18:run (default-cli) > test-compile @ signin >>>
[INFO] 
[INFO] --- apt-maven-plugin:1.1.3:process (default) @ signin ---
[WARNING] The artifact org.apache.commons:commons-io:jar:1.3.2 has been relocated to commons-io:commons-io:jar:1.3.2: https://issues.sonatype.org/browse/MVNCENTRAL-244
[INFO] 
[INFO] --- maven-resources-plugin:3.2.0:resources (default-resources) @ signin ---
[INFO] Using 'UTF-8' encoding to copy filtered resources.
[INFO] Using 'UTF-8' encoding to copy filtered properties files.
[INFO] Copying 1 resource
[INFO] Copying 597 resources
[INFO] 
[INFO] --- maven-compiler-plugin:3.10.1:compile (default-compile) @ signin ---
[INFO] Changes detected - recompiling the module!
[INFO] Compiling 38 source files to /app/signin/target/classes
[INFO] 
[INFO] --- maven-resources-plugin:3.2.0:testResources (default-testResources) @ signin ---
[INFO] Using 'UTF-8' encoding to copy filtered resources.
[INFO] Using 'UTF-8' encoding to copy filtered properties files.
[INFO] skip non existing resourceDirectory /app/signin/src/test/resources
[INFO] 
[INFO] --- maven-compiler-plugin:3.10.1:testCompile (default-testCompile) @ signin ---
[INFO] No sources to compile
[INFO] 
[INFO] <<< spring-boot-maven-plugin:2.7.18:run (default-cli) < test-compile @ signin <<<
[INFO] 
[INFO] 
[INFO] --- spring-boot-maven-plugin:2.7.18:run (default-cli) @ signin ---
[INFO] Attaching agents: []

  .   ____          _            __ _ _
 /\\ / ___'_ __ _ _(_)_ __  __ _ \ \ \ \
( ( )\___ | '_ | '_| | '_ \/ _` | \ \ \ \
 \\/  ___)| |_)| | | | | || (_| |  ) ) ) )
  '  |____| .__|_| |_|_| |_\__, | / / / /
 =========|_|==============|___/=/_/_/_/
 :: Spring Boot ::               (v2.7.18)

2026-02-24 06:32:47.859  INFO 875 --- [           main] e.c.EgovLoginApplication                 : Starting EgovLoginApplication using Java 1.8.0_322 on carbosys-app with PID 875 (/app/signin/target/classes started by root in /app/signin)
2026-02-24 06:32:47.861 DEBUG 875 --- [           main] e.c.EgovLoginApplication                 : Running with Spring Boot v2.7.18, Spring v5.3.37
2026-02-24 06:32:47.862  INFO 875 --- [           main] e.c.EgovLoginApplication                 : The following 1 profile is active: "local"
2026-02-24 06:32:47.876  INFO 875 --- [           main] o.s.c.c.c.ConfigServerConfigDataLoader   : Fetching config from server at : http://localhost:8888
2026-02-24 06:32:47.876  INFO 875 --- [           main] o.s.c.c.c.ConfigServerConfigDataLoader   : Located environment: name=SIGNIN, profiles=[default], label=null, version=null, state=null
2026-02-24 06:32:47.877  INFO 875 --- [           main] o.s.c.c.c.ConfigServerConfigDataLoader   : Fetching config from server at : http://localhost:8888
2026-02-24 06:32:47.877  INFO 875 --- [           main] o.s.c.c.c.ConfigServerConfigDataLoader   : Located environment: name=SIGNIN, profiles=[local], label=null, version=null, state=null
2026-02-24 06:32:48.389  INFO 875 --- [           main] .s.d.r.c.RepositoryConfigurationDelegate : Bootstrapping Spring Data JPA repositories in DEFAULT mode.
2026-02-24 06:32:48.443  INFO 875 --- [           main] .s.d.r.c.RepositoryConfigurationDelegate : Finished Spring Data repository scanning in 49 ms. Found 4 JPA repository interfaces.
2026-02-24 06:32:48.599  INFO 875 --- [           main] o.s.c.c.s.GenericScope                   : BeanFactory id=5fe2a3c9-898f-3573-bfbd-afb02a58b09d
2026-02-24 06:32:48.729  INFO 875 --- [           main] trationDelegate$BeanPostProcessorChecker : Bean 'org.springframework.cloud.client.loadbalancer.reactive.LoadBalancerBeanPostProcessorAutoConfiguration' of type [org.springframework.cloud.client.loadbalancer.reactive.LoadBalancerBeanPostProcessorAutoConfiguration] is not eligible for getting processed by all BeanPostProcessors (for example: not eligible for auto-proxying)
2026-02-24 06:32:48.729  INFO 875 --- [           main] trationDelegate$BeanPostProcessorChecker : Bean 'org.springframework.cloud.client.loadbalancer.reactive.LoadBalancerBeanPostProcessorAutoConfiguration$ReactorDeferringLoadBalancerFilterConfig' of type [org.springframework.cloud.client.loadbalancer.reactive.LoadBalancerBeanPostProcessorAutoConfiguration$ReactorDeferringLoadBalancerFilterConfig] is not eligible for getting processed by all BeanPostProcessors (for example: not eligible for auto-proxying)
2026-02-24 06:32:48.730  INFO 875 --- [           main] trationDelegate$BeanPostProcessorChecker : Bean 'reactorDeferringLoadBalancerExchangeFilterFunction' of type [org.springframework.cloud.client.loadbalancer.reactive.DeferringLoadBalancerExchangeFilterFunction] is not eligible for getting processed by all BeanPostProcessors (for example: not eligible for auto-proxying)
2026-02-24 06:32:48.806  INFO 875 --- [           main] o.s.b.w.e.t.TomcatWebServer              : Tomcat initialized with port(s): 18060 (http)
Feb 24, 2026 6:32:48 AM org.apache.coyote.AbstractProtocol init
INFO: Initializing ProtocolHandler ["http-nio-18060"]
Feb 24, 2026 6:32:48 AM org.apache.catalina.core.StandardService startInternal
INFO: Starting service [Tomcat]
Feb 24, 2026 6:32:48 AM org.apache.catalina.core.StandardEngine startInternal
INFO: Starting Servlet engine: [Apache Tomcat/9.0.83]
Feb 24, 2026 6:32:48 AM org.apache.catalina.core.ApplicationContext log
INFO: Initializing Spring embedded WebApplicationContext
2026-02-24 06:32:48.852  INFO 875 --- [           main] w.s.c.ServletWebServerApplicationContext : Root WebApplicationContext: initialization completed in 975 ms
2026-02-24 06:32:48.888  INFO 875 --- [           main] c.z.h.HikariDataSource                   : HikariPool-1 - Starting...
2026-02-24 06:32:48.933  INFO 875 --- [           main] c.z.h.p.PoolBase                         : HikariPool-1 - Driver does not support get/set network timeout for connections. (java.lang.UnsupportedOperationException)
2026-02-24 06:32:48.936  INFO 875 --- [           main] c.z.h.HikariDataSource                   : HikariPool-1 - Start completed.
2026-02-24 06:32:49.035  INFO 875 --- [           main] o.e.b.s.u.j.EgovJdbcUserDetailsManager   : No authentication manager set. Reauthentication of users when changing passwords will not be performed.
2026-02-24 06:32:49.035  INFO 875 --- [           main] o.e.b.s.u.j.EgovJdbcUserDetailsManager   : ### EgovJdbcUserDetailsManager.initMappingSqlQueries >>> query : SELECT USER_ID, PASSWORD, 'TRUE' AS ENABLED FROM COMVNUSERMASTER WHERE USER_ID = ?
}
2026-02-24 06:32:49.035  INFO 875 --- [           main] o.e.b.s.u.j.EgovJdbcUserDetailsManager   : ### EgovJdbcUserDetailsManager.initMappingSqlQueries >>> Mapping Class : org.egovframe.boot.security.userdetails.DefaultMapUserDetailsMapping
2026-02-24 06:32:49.068 DEBUG 875 --- [           main] e.c.f.AuthorizeFilter                    : Filter 'authorizeFilter' configured for use
2026-02-24 06:32:49.091  INFO 875 --- [           main] o.h.j.i.u.LogHelper                      : HHH000204: Processing PersistenceUnitInfo [name: default]
2026-02-24 06:32:49.116  INFO 875 --- [           main] o.h.Version                              : HHH000412: Hibernate ORM core version 5.6.15.Final
2026-02-24 06:32:49.196  INFO 875 --- [           main] o.h.a.c.Version                          : HCANN000001: Hibernate Commons Annotations {5.1.2.Final}
2026-02-24 06:32:49.284  INFO 875 --- [           main] o.h.d.Dialect                            : HHH000400: Using dialect: org.hibernate.dialect.CUBRIDDialect
2026-02-24 06:32:49.299  INFO 875 --- [           main] o.h.o.beans                              : HHH10005002: No explicit CDI BeanManager reference was passed to Hibernate, but CDI is available on the Hibernate ClassLoader.
2026-02-24 06:32:49.750  INFO 875 --- [           main] o.h.e.t.j.p.i.JtaPlatformInitiator       : HHH000490: Using JtaPlatform implementation: [org.hibernate.engine.transaction.jta.platform.internal.NoJtaPlatform]
2026-02-24 06:32:49.755  INFO 875 --- [           main] j.LocalContainerEntityManagerFactoryBean : Initialized JPA EntityManagerFactory for persistence unit 'default'
2026-02-24 06:32:50.203  INFO 875 --- [           main] o.s.s.w.DefaultSecurityFilterChain       : Will secure any request with [org.springframework.security.web.session.DisableEncodeUrlFilter@7e7391e8, org.springframework.security.web.context.request.async.WebAsyncManagerIntegrationFilter@1fa44f66, org.springframework.security.web.context.SecurityContextPersistenceFilter@4d66cb, org.springframework.security.web.header.HeaderWriterFilter@28515443, org.springframework.security.web.authentication.logout.LogoutFilter@5d202dc4, org.springframework.security.web.session.ConcurrentSessionFilter@349c4d1c, org.springframework.security.web.authentication.www.BasicAuthenticationFilter@1fe7fa16, org.springframework.security.web.savedrequest.RequestCacheAwareFilter@63551c66, org.springframework.security.web.servletapi.SecurityContextHolderAwareRequestFilter@4cf15477, org.springframework.security.web.authentication.AnonymousAuthenticationFilter@4229b92c, org.springframework.security.web.session.SessionManagementFilter@1820f274, org.springframework.security.web.access.ExceptionTranslationFilter@39c1e7b7, org.springframework.security.web.access.intercept.FilterSecurityInterceptor@723e3c17, org.springframework.security.web.access.intercept.FilterSecurityInterceptor@32fd5bc]
2026-02-24 06:32:50.265 DEBUG 875 --- [           main] s.w.s.m.m.a.RequestMappingHandlerAdapter : ControllerAdvice beans: 0 @ModelAttribute, 0 @InitBinder, 1 RequestBodyAdvice, 1 ResponseBodyAdvice
2026-02-24 06:32:50.298 DEBUG 875 --- [           main] s.w.s.m.m.a.RequestMappingHandlerMapping : 15 mappings in 'requestMappingHandlerMapping'
2026-02-24 06:32:50.308 DEBUG 875 --- [           main] o.s.w.s.h.SimpleUrlHandlerMapping        : Patterns [/webjars/**, /**, /signin/**] in 'resourceHandlerMapping'
2026-02-24 06:32:50.312 DEBUG 875 --- [           main] .m.m.a.ExceptionHandlerExceptionResolver : ControllerAdvice beans: 0 @ExceptionHandler, 1 ResponseBodyAdvice
2026-02-24 06:32:50.440  INFO 875 --- [           main] DiscoveryClientOptionalArgsConfiguration : Eureka HTTP Client uses RestTemplate.
2026-02-24 06:32:50.477  WARN 875 --- [           main] iguration$LoadBalancerCaffeineWarnLogger : Spring Cloud LoadBalancer is currently working with the default cache. While this cache implementation is useful for development and tests, it's recommended to use Caffeine cache in production.You can switch to using Caffeine cache, by adding it and org.springframework.cache.caffeine.CaffeineCacheManager to the classpath.
2026-02-24 06:32:50.480  INFO 875 --- [           main] o.s.b.a.e.w.EndpointLinksResolver        : Exposing 2 endpoint(s) beneath base path '/actuator'
2026-02-24 06:32:50.499  INFO 875 --- [           main] o.s.c.n.e.InstanceInfoFactory            : Setting initial instance status as: STARTING
2026-02-24 06:32:55.546  INFO 875 --- [           main] c.n.d.DiscoveryClient                    : Initializing Eureka in region us-east-1
2026-02-24 06:32:55.548  INFO 875 --- [           main] c.n.d.s.r.a.ConfigClusterResolver        : Resolving eureka endpoints via configuration
2026-02-24 06:32:55.560  INFO 875 --- [           main] c.n.d.DiscoveryClient                    : Disable delta property : false
2026-02-24 06:32:55.560  INFO 875 --- [           main] c.n.d.DiscoveryClient                    : Single vip registry refresh property : null
2026-02-24 06:32:55.560  INFO 875 --- [           main] c.n.d.DiscoveryClient                    : Force full registry fetch : false
2026-02-24 06:32:55.560  INFO 875 --- [           main] c.n.d.DiscoveryClient                    : Application is null : false
2026-02-24 06:32:55.560  INFO 875 --- [           main] c.n.d.DiscoveryClient                    : Registered Applications size is zero : true
2026-02-24 06:32:55.560  INFO 875 --- [           main] c.n.d.DiscoveryClient                    : Application version is -1: true
2026-02-24 06:32:55.560  INFO 875 --- [           main] c.n.d.DiscoveryClient                    : Getting all instance registry info from the eureka server
2026-02-24 06:32:55.625 DEBUG 875 --- [           main] o.s.w.c.RestTemplate                     : HTTP GET http://localhost:8761/eureka/apps/
2026-02-24 06:32:55.643 DEBUG 875 --- [           main] o.s.w.c.RestTemplate                     : Accept=[application/json, application/*+json]
2026-02-24 06:32:55.664 DEBUG 875 --- [           main] o.s.w.c.RestTemplate                     : Response 200 OK
2026-02-24 06:32:55.664 DEBUG 875 --- [           main] o.s.w.c.RestTemplate                     : Reading to [org.springframework.cloud.netflix.eureka.http.EurekaApplications]
2026-02-24 06:32:55.669  INFO 875 --- [           main] c.n.d.DiscoveryClient                    : The response status is 200
2026-02-24 06:32:55.671  INFO 875 --- [           main] c.n.d.DiscoveryClient                    : Starting heartbeat executor: renew interval is: 30
2026-02-24 06:32:55.673  INFO 875 --- [           main] c.n.d.InstanceInfoReplicator             : InstanceInfoReplicator onDemand update allowed rate per min is 4
2026-02-24 06:32:55.676  INFO 875 --- [           main] c.n.d.DiscoveryClient                    : Discovery Client initialized at timestamp 1771914775676 with initial instances count: 4
2026-02-24 06:32:55.677  INFO 875 --- [           main] o.s.c.n.e.s.EurekaServiceRegistry        : Registering application SIGNIN with eureka with status UP
2026-02-24 06:32:55.677  INFO 875 --- [           main] c.n.d.DiscoveryClient                    : Saw local status change event StatusChangeEvent [timestamp=1771914775677, current=UP, previous=STARTING]
2026-02-24 06:32:55.679  INFO 875 --- [nfoReplicator-0] c.n.d.DiscoveryClient                    : DiscoveryClient_SIGNIN/carbosys-app:SIGNIN:18060: registering service...
Feb 24, 2026 6:32:55 AM org.apache.coyote.AbstractProtocol start
INFO: Starting ProtocolHandler ["http-nio-18060"]
2026-02-24 06:32:55.682 DEBUG 875 --- [nfoReplicator-0] o.s.w.c.RestTemplate                     : HTTP POST http://localhost:8761/eureka/apps/SIGNIN
2026-02-24 06:32:55.683 DEBUG 875 --- [nfoReplicator-0] o.s.w.c.RestTemplate                     : Accept=[application/json, application/*+json]
2026-02-24 06:32:55.691  INFO 875 --- [           main] o.s.b.w.e.t.TomcatWebServer              : Tomcat started on port(s): 18060 (http) with context path ''
2026-02-24 06:32:55.691  INFO 875 --- [           main] .s.c.n.e.s.EurekaAutoServiceRegistration : Updating port to 18060
2026-02-24 06:32:55.691 DEBUG 875 --- [nfoReplicator-0] o.s.w.c.RestTemplate                     : Writing [InstanceInfo [instanceId = carbosys-app:SIGNIN:18060, appName = SIGNIN, hostName = carbosys-app, status = UP, ipAddr = 172.18.0.3, port = 18060, securePort = 443, dataCenterInfo = com.netflix.appinfo.MyDataCenterInfo@745c8a04] as "application/json"
2026-02-24 06:32:55.702  INFO 875 --- [           main] e.c.EgovLoginApplication                 : Started EgovLoginApplication in 3.296 seconds (JVM running for 3.634)
2026-02-24 06:32:55.704 DEBUG 875 --- [nfoReplicator-0] o.s.w.c.RestTemplate                     : Response 204 NO_CONTENT
2026-02-24 06:32:55.704  INFO 875 --- [nfoReplicator-0] c.n.d.DiscoveryClient                    : DiscoveryClient_SIGNIN/carbosys-app:SIGNIN:18060 - registration status: 204
2026-02-24 06:32:55.153 DEBUG 875 --- [freshExecutor-0] o.s.w.c.RestTemplate                     : HTTP GET http://localhost:8761/eureka/apps/delta
2026-02-24 06:32:55.153 DEBUG 875 --- [freshExecutor-0] o.s.w.c.RestTemplate                     : Accept=[application/json, application/*+json]
2026-02-24 06:32:55.155 DEBUG 875 --- [freshExecutor-0] o.s.w.c.RestTemplate                     : Response 200 OK
2026-02-24 06:32:55.156 DEBUG 875 --- [freshExecutor-0] o.s.w.c.RestTemplate                     : Reading to [org.springframework.cloud.netflix.eureka.http.EurekaApplications]
Feb 24, 2026 6:32:55 AM org.apache.catalina.core.ApplicationContext log
INFO: Initializing Spring DispatcherServlet 'dispatcherServlet'
2026-02-24 06:32:55.708  INFO 875 --- [io-18060-exec-2] o.s.w.s.DispatcherServlet                : Initializing Servlet 'dispatcherServlet'
2026-02-24 06:32:55.708 DEBUG 875 --- [io-18060-exec-2] o.s.w.s.DispatcherServlet                : Detected StandardServletMultipartResolver
2026-02-24 06:32:55.708 DEBUG 875 --- [io-18060-exec-2] o.s.w.s.DispatcherServlet                : Detected SessionLocaleResolver
2026-02-24 06:32:55.708 DEBUG 875 --- [io-18060-exec-2] o.s.w.s.DispatcherServlet                : Detected FixedThemeResolver
2026-02-24 06:32:55.709 DEBUG 875 --- [io-18060-exec-2] o.s.w.s.DispatcherServlet                : Detected org.springframework.web.servlet.view.DefaultRequestToViewNameTranslator@5464aeec
2026-02-24 06:32:55.710 DEBUG 875 --- [io-18060-exec-2] o.s.w.s.DispatcherServlet                : Detected org.springframework.web.servlet.support.SessionFlashMapManager@705d72f0
2026-02-24 06:32:55.710 DEBUG 875 --- [io-18060-exec-2] o.s.w.s.DispatcherServlet                : enableLoggingRequestDetails='false': request parameters and headers will be masked to prevent unsafe logging of potentially sensitive data
2026-02-24 06:32:55.710  INFO 875 --- [io-18060-exec-2] o.s.w.s.DispatcherServlet                : Completed initialization in 2 ms
2026-02-24 06:32:55.726 DEBUG 875 --- [io-18060-exec-2] o.s.w.s.DispatcherServlet                : GET "/signin/loginView", parameters={}
2026-02-24 06:32:55.731 DEBUG 875 --- [io-18060-exec-2] s.w.s.m.m.a.RequestMappingHandlerMapping : Mapped to egovframework.com.uat.uia.web.EgovLoginManageController#loginView(String, LoginVO, Model, HttpServletRequest)
2026-02-24 06:32:55.770 DEBUG 875 --- [io-18060-exec-2] o.s.w.s.v.ContentNegotiatingViewResolver : Selected 'text/html' given [text/html, application/xhtml+xml, image/avif, image/webp, image/apng, application/xml;q=0.9, application/signed-exchange;v=b3;q=0.7, */*;q=0.8]
2026-02-24 06:32:55.887 DEBUG 875 --- [io-18060-exec-2] o.s.w.s.DispatcherServlet                : Completed 200 OK
2026-02-24 06:32:59.664 DEBUG 875 --- [freshExecutor-0] o.s.w.c.RestTemplate                     : HTTP GET http://localhost:8761/eureka/apps/delta
2026-02-24 06:32:59.665 DEBUG 875 --- [freshExecutor-0] o.s.w.c.RestTemplate                     : Accept=[application/json, application/*+json]
2026-02-24 06:32:59.668 DEBUG 875 --- [freshExecutor-0] o.s.w.c.RestTemplate                     : Response 200 OK
2026-02-24 06:32:59.668 DEBUG 875 --- [freshExecutor-0] o.s.w.c.RestTemplate                     : Reading to [org.springframework.cloud.netflix.eureka.http.EurekaApplications]
2026-02-24 06:33:04.179 DEBUG 875 --- [freshExecutor-0] o.s.w.c.RestTemplate                     : HTTP GET http://localhost:8761/eureka/apps/delta
2026-02-24 06:33:04.180 DEBUG 875 --- [freshExecutor-0] o.s.w.c.RestTemplate                     : Accept=[application/json, application/*+json]
2026-02-24 06:33:04.183 DEBUG 875 --- [freshExecutor-0] o.s.w.c.RestTemplate                     : Response 200 OK
2026-02-24 06:33:04.183 DEBUG 875 --- [freshExecutor-0] o.s.w.c.RestTemplate                     : Reading to [org.springframework.cloud.netflix.eureka.http.EurekaApplications]
2026-02-24 06:33:08.608 DEBUG 875 --- [freshExecutor-0] o.s.w.c.RestTemplate                     : HTTP GET http://localhost:8761/eureka/apps/delta
2026-02-24 06:33:08.609 DEBUG 875 --- [freshExecutor-0] o.s.w.c.RestTemplate                     : Accept=[application/json, application/*+json]
2026-02-24 06:33:08.612 DEBUG 875 --- [freshExecutor-0] o.s.w.c.RestTemplate                     : Response 200 OK
2026-02-24 06:33:08.612 DEBUG 875 --- [freshExecutor-0] o.s.w.c.RestTemplate                     : Reading to [org.springframework.cloud.netflix.eureka.http.EurekaApplications]
2026-02-24 06:33:13.189 DEBUG 875 --- [freshExecutor-0] o.s.w.c.RestTemplate                     : HTTP GET http://localhost:8761/eureka/apps/delta
2026-02-24 06:33:13.190 DEBUG 875 --- [freshExecutor-0] o.s.w.c.RestTemplate                     : Accept=[application/json, application/*+json]
2026-02-24 06:33:13.197 DEBUG 875 --- [freshExecutor-0] o.s.w.c.RestTemplate                     : Response 200 OK
2026-02-24 06:33:13.198 DEBUG 875 --- [freshExecutor-0] o.s.w.c.RestTemplate                     : Reading to [org.springframework.cloud.netflix.eureka.http.EurekaApplications]
2026-02-24 06:33:17.661 DEBUG 875 --- [tbeatExecutor-0] o.s.w.c.RestTemplate                     : HTTP PUT http://localhost:8761/eureka/apps/SIGNIN/carbosys-app:SIGNIN:18060?status=UP&lastDirtyTimestamp=1771914775677
2026-02-24 06:33:17.666 DEBUG 875 --- [tbeatExecutor-0] o.s.w.c.RestTemplate                     : Accept=[application/json, application/*+json]
2026-02-24 06:33:17.670 DEBUG 875 --- [tbeatExecutor-0] o.s.w.c.RestTemplate                     : Response 200 OK
2026-02-24 06:33:17.702 DEBUG 875 --- [freshExecutor-0] o.s.w.c.RestTemplate                     : HTTP GET http://localhost:8761/eureka/apps/delta
2026-02-24 06:33:17.703 DEBUG 875 --- [freshExecutor-0] o.s.w.c.RestTemplate                     : Accept=[application/json, application/*+json]
2026-02-24 06:33:17.706 DEBUG 875 --- [freshExecutor-0] o.s.w.c.RestTemplate                     : Response 200 OK
2026-02-24 06:33:17.706 DEBUG 875 --- [freshExecutor-0] o.s.w.c.RestTemplate                     : Reading to [org.springframework.cloud.netflix.eureka.http.EurekaApplications]
2026-02-24 06:33:22.198 DEBUG 875 --- [freshExecutor-0] o.s.w.c.RestTemplate                     : HTTP GET http://localhost:8761/eureka/apps/delta
2026-02-24 06:33:22.198 DEBUG 875 --- [freshExecutor-0] o.s.w.c.RestTemplate                     : Accept=[application/json, application/*+json]
2026-02-24 06:33:22.203 DEBUG 875 --- [freshExecutor-0] o.s.w.c.RestTemplate                     : Response 200 OK
2026-02-24 06:33:22.203 DEBUG 875 --- [freshExecutor-0] o.s.w.c.RestTemplate                     : Reading to [org.springframework.cloud.netflix.eureka.http.EurekaApplications]
2026-02-24 06:33:26.702 DEBUG 875 --- [freshExecutor-0] o.s.w.c.RestTemplate                     : HTTP GET http://localhost:8761/eureka/apps/delta
2026-02-24 06:33:26.702 DEBUG 875 --- [freshExecutor-0] o.s.w.c.RestTemplate                     : Accept=[application/json, application/*+json]
2026-02-24 06:33:26.706 DEBUG 875 --- [freshExecutor-0] o.s.w.c.RestTemplate                     : Response 200 OK
2026-02-24 06:33:26.706 DEBUG 875 --- [freshExecutor-0] o.s.w.c.RestTemplate                     : Reading to [org.springframework.cloud.netflix.eureka.http.EurekaApplications]
2026-02-24 06:33:31.211 DEBUG 875 --- [freshExecutor-0] o.s.w.c.RestTemplate                     : HTTP GET http://localhost:8761/eureka/apps/delta
2026-02-24 06:33:31.212 DEBUG 875 --- [freshExecutor-0] o.s.w.c.RestTemplate                     : Accept=[application/json, application/*+json]
2026-02-24 06:33:31.214 DEBUG 875 --- [freshExecutor-0] o.s.w.c.RestTemplate                     : Response 200 OK
2026-02-24 06:33:31.215 DEBUG 875 --- [freshExecutor-0] o.s.w.c.RestTemplate                     : Reading to [org.springframework.cloud.netflix.eureka.http.EurekaApplications]
2026-02-24 06:33:35.729 DEBUG 875 --- [freshExecutor-0] o.s.w.c.RestTemplate                     : HTTP GET http://localhost:8761/eureka/apps/delta
2026-02-24 06:33:35.730 DEBUG 875 --- [freshExecutor-0] o.s.w.c.RestTemplate                     : Accept=[application/json, application/*+json]
2026-02-24 06:33:35.735 DEBUG 875 --- [freshExecutor-0] o.s.w.c.RestTemplate                     : Response 200 OK
2026-02-24 06:33:35.735 DEBUG 875 --- [freshExecutor-0] o.s.w.c.RestTemplate                     : Reading to [org.springframework.cloud.netflix.eureka.http.EurekaApplications]
2026-02-24 06:33:45.746 DEBUG 875 --- [freshExecutor-0] o.s.w.c.RestTemplate                     : HTTP GET http://localhost:8761/eureka/apps/delta
2026-02-24 06:33:45.747 DEBUG 875 --- [freshExecutor-0] o.s.w.c.RestTemplate                     : Accept=[application/json, application/*+json]
2026-02-24 06:33:45.751 DEBUG 875 --- [freshExecutor-0] o.s.w.c.RestTemplate                     : Response 200 OK
2026-02-24 06:33:45.751 DEBUG 875 --- [freshExecutor-0] o.s.w.c.RestTemplate                     : Reading to [org.springframework.cloud.netflix.eureka.http.EurekaApplications]
2026-02-24 06:33:45.161 DEBUG 875 --- [tbeatExecutor-0] o.s.w.c.RestTemplate                     : HTTP PUT http://localhost:8761/eureka/apps/SIGNIN/carbosys-app:SIGNIN:18060?status=UP&lastDirtyTimestamp=1771914775677
2026-02-24 06:33:45.161 DEBUG 875 --- [tbeatExecutor-0] o.s.w.c.RestTemplate                     : Accept=[application/json, application/*+json]
2026-02-24 06:33:45.167 DEBUG 875 --- [tbeatExecutor-0] o.s.w.c.RestTemplate                     : Response 200 OK
2026-02-24 06:33:45.237 DEBUG 875 --- [freshExecutor-0] o.s.w.c.RestTemplate                     : HTTP GET http://localhost:8761/eureka/apps/delta
2026-02-24 06:33:45.238 DEBUG 875 --- [freshExecutor-0] o.s.w.c.RestTemplate                     : Accept=[application/json, application/*+json]
2026-02-24 06:33:45.241 DEBUG 875 --- [freshExecutor-0] o.s.w.c.RestTemplate                     : Response 200 OK
2026-02-24 06:33:45.241 DEBUG 875 --- [freshExecutor-0] o.s.w.c.RestTemplate                     : Reading to [org.springframework.cloud.netflix.eureka.http.EurekaApplications]
2026-02-24 06:33:49.734 DEBUG 875 --- [freshExecutor-0] o.s.w.c.RestTemplate                     : HTTP GET http://localhost:8761/eureka/apps/delta
2026-02-24 06:33:49.734 DEBUG 875 --- [freshExecutor-0] o.s.w.c.RestTemplate                     : Accept=[application/json, application/*+json]
2026-02-24 06:33:49.737 DEBUG 875 --- [freshExecutor-0] o.s.w.c.RestTemplate                     : Response 200 OK
2026-02-24 06:33:49.737 DEBUG 875 --- [freshExecutor-0] o.s.w.c.RestTemplate                     : Reading to [org.springframework.cloud.netflix.eureka.http.EurekaApplications]
2026-02-24 06:33:54.252 DEBUG 875 --- [freshExecutor-0] o.s.w.c.RestTemplate                     : HTTP GET http://localhost:8761/eureka/apps/delta
2026-02-24 06:33:54.253 DEBUG 875 --- [freshExecutor-0] o.s.w.c.RestTemplate                     : Accept=[application/json, application/*+json]
2026-02-24 06:33:54.257 DEBUG 875 --- [freshExecutor-0] o.s.w.c.RestTemplate                     : Response 200 OK
2026-02-24 06:33:54.257 DEBUG 875 --- [freshExecutor-0] o.s.w.c.RestTemplate                     : Reading to [org.springframework.cloud.netflix.eureka.http.EurekaApplications]
2026-02-24 06:33:58.760 DEBUG 875 --- [freshExecutor-0] o.s.w.c.RestTemplate                     : HTTP GET http://localhost:8761/eureka/apps/delta
2026-02-24 06:33:58.760 DEBUG 875 --- [freshExecutor-0] o.s.w.c.RestTemplate                     : Accept=[application/json, application/*+json]
2026-02-24 06:33:58.763 DEBUG 875 --- [freshExecutor-0] o.s.w.c.RestTemplate                     : Response 200 OK
2026-02-24 06:33:58.763 DEBUG 875 --- [freshExecutor-0] o.s.w.c.RestTemplate                     : Reading to [org.springframework.cloud.netflix.eureka.http.EurekaApplications]
2026-02-24 06:34:03.249 DEBUG 875 --- [freshExecutor-0] o.s.w.c.RestTemplate                     : HTTP GET http://localhost:8761/eureka/apps/delta
2026-02-24 06:34:03.249 DEBUG 875 --- [freshExecutor-0] o.s.w.c.RestTemplate                     : Accept=[application/json, application/*+json]
2026-02-24 06:34:03.252 DEBUG 875 --- [freshExecutor-0] o.s.w.c.RestTemplate                     : Response 200 OK
2026-02-24 06:34:03.252 DEBUG 875 --- [freshExecutor-0] o.s.w.c.RestTemplate                     : Reading to [org.springframework.cloud.netflix.eureka.http.EurekaApplications]
2026-02-24 06:34:07.776 DEBUG 875 --- [freshExecutor-0] o.s.w.c.RestTemplate                     : HTTP GET http://localhost:8761/eureka/apps/delta
2026-02-24 06:34:07.777 DEBUG 875 --- [freshExecutor-0] o.s.w.c.RestTemplate                     : Accept=[application/json, application/*+json]
2026-02-24 06:34:07.781 DEBUG 875 --- [freshExecutor-0] o.s.w.c.RestTemplate                     : Response 200 OK
2026-02-24 06:34:07.781 DEBUG 875 --- [freshExecutor-0] o.s.w.c.RestTemplate                     : Reading to [org.springframework.cloud.netflix.eureka.http.EurekaApplications]
2026-02-24 06:34:12.162 DEBUG 875 --- [tbeatExecutor-0] o.s.w.c.RestTemplate                     : HTTP PUT http://localhost:8761/eureka/apps/SIGNIN/carbosys-app:SIGNIN:18060?status=UP&lastDirtyTimestamp=1771914775677
2026-02-24 06:34:12.162 DEBUG 875 --- [tbeatExecutor-0] o.s.w.c.RestTemplate                     : Accept=[application/json, application/*+json]
2026-02-24 06:34:12.166 DEBUG 875 --- [tbeatExecutor-0] o.s.w.c.RestTemplate                     : Response 200 OK
2026-02-24 06:34:12.283 DEBUG 875 --- [freshExecutor-0] o.s.w.c.RestTemplate                     : HTTP GET http://localhost:8761/eureka/apps/delta
2026-02-24 06:34:12.283 DEBUG 875 --- [freshExecutor-0] o.s.w.c.RestTemplate                     : Accept=[application/json, application/*+json]
2026-02-24 06:34:12.287 DEBUG 875 --- [freshExecutor-0] o.s.w.c.RestTemplate                     : Response 200 OK
2026-02-24 06:34:12.287 DEBUG 875 --- [freshExecutor-0] o.s.w.c.RestTemplate                     : Reading to [org.springframework.cloud.netflix.eureka.http.EurekaApplications]
2026-02-24 06:34:16.797 DEBUG 875 --- [freshExecutor-0] o.s.w.c.RestTemplate                     : HTTP GET http://localhost:8761/eureka/apps/delta
2026-02-24 06:34:16.798 DEBUG 875 --- [freshExecutor-0] o.s.w.c.RestTemplate                     : Accept=[application/json, application/*+json]
2026-02-24 06:34:16.801 DEBUG 875 --- [freshExecutor-0] o.s.w.c.RestTemplate                     : Response 200 OK
2026-02-24 06:34:16.802 DEBUG 875 --- [freshExecutor-0] o.s.w.c.RestTemplate                     : Reading to [org.springframework.cloud.netflix.eureka.http.EurekaApplications]
2026-02-24 06:34:21.302 DEBUG 875 --- [freshExecutor-0] o.s.w.c.RestTemplate                     : HTTP GET http://localhost:8761/eureka/apps/delta
2026-02-24 06:34:21.302 DEBUG 875 --- [freshExecutor-0] o.s.w.c.RestTemplate                     : Accept=[application/json, application/*+json]
2026-02-24 06:34:21.305 DEBUG 875 --- [freshExecutor-0] o.s.w.c.RestTemplate                     : Response 200 OK
2026-02-24 06:34:21.305 DEBUG 875 --- [freshExecutor-0] o.s.w.c.RestTemplate                     : Reading to [org.springframework.cloud.netflix.eureka.http.EurekaApplications]
2026-02-24 06:34:25.822 DEBUG 875 --- [freshExecutor-0] o.s.w.c.RestTemplate                     : HTTP GET http://localhost:8761/eureka/apps/delta
2026-02-24 06:34:25.822 DEBUG 875 --- [freshExecutor-0] o.s.w.c.RestTemplate                     : Accept=[application/json, application/*+json]
2026-02-24 06:34:25.826 DEBUG 875 --- [freshExecutor-0] o.s.w.c.RestTemplate                     : Response 200 OK
2026-02-24 06:34:25.827 DEBUG 875 --- [freshExecutor-0] o.s.w.c.RestTemplate                     : Reading to [org.springframework.cloud.netflix.eureka.http.EurekaApplications]
2026-02-24 06:34:35.843 DEBUG 875 --- [freshExecutor-0] o.s.w.c.RestTemplate                     : HTTP GET http://localhost:8761/eureka/apps/delta
2026-02-24 06:34:35.843 DEBUG 875 --- [freshExecutor-0] o.s.w.c.RestTemplate                     : Accept=[application/json, application/*+json]
2026-02-24 06:34:35.852 DEBUG 875 --- [freshExecutor-0] o.s.w.c.RestTemplate                     : Response 200 OK
2026-02-24 06:34:35.853 DEBUG 875 --- [freshExecutor-0] o.s.w.c.RestTemplate                     : Reading to [org.springframework.cloud.netflix.eureka.http.EurekaApplications]
2026-02-24 06:34:35.337 DEBUG 875 --- [freshExecutor-0] o.s.w.c.RestTemplate                     : HTTP GET http://localhost:8761/eureka/apps/delta
2026-02-24 06:34:35.337 DEBUG 875 --- [freshExecutor-0] o.s.w.c.RestTemplate                     : Accept=[application/json, application/*+json]
2026-02-24 06:34:35.339 DEBUG 875 --- [freshExecutor-0] o.s.w.c.RestTemplate                     : Response 200 OK
2026-02-24 06:34:35.339 DEBUG 875 --- [freshExecutor-0] o.s.w.c.RestTemplate                     : Reading to [org.springframework.cloud.netflix.eureka.http.EurekaApplications]
2026-02-24 06:34:39.658 DEBUG 875 --- [tbeatExecutor-0] o.s.w.c.RestTemplate                     : HTTP PUT http://localhost:8761/eureka/apps/SIGNIN/carbosys-app:SIGNIN:18060?status=UP&lastDirtyTimestamp=1771914775677
2026-02-24 06:34:39.658 DEBUG 875 --- [tbeatExecutor-0] o.s.w.c.RestTemplate                     : Accept=[application/json, application/*+json]
2026-02-24 06:34:39.661 DEBUG 875 --- [tbeatExecutor-0] o.s.w.c.RestTemplate                     : Response 200 OK
2026-02-24 06:34:39.829 DEBUG 875 --- [freshExecutor-0] o.s.w.c.RestTemplate                     : HTTP GET http://localhost:8761/eureka/apps/delta
2026-02-24 06:34:39.829 DEBUG 875 --- [freshExecutor-0] o.s.w.c.RestTemplate                     : Accept=[application/json, application/*+json]
2026-02-24 06:34:39.832 DEBUG 875 --- [freshExecutor-0] o.s.w.c.RestTemplate                     : Response 200 OK
2026-02-24 06:34:39.832 DEBUG 875 --- [freshExecutor-0] o.s.w.c.RestTemplate                     : Reading to [org.springframework.cloud.netflix.eureka.http.EurekaApplications]
2026-02-24 06:34:44.345 DEBUG 875 --- [freshExecutor-0] o.s.w.c.RestTemplate                     : HTTP GET http://localhost:8761/eureka/apps/delta
2026-02-24 06:34:44.345 DEBUG 875 --- [freshExecutor-0] o.s.w.c.RestTemplate                     : Accept=[application/json, application/*+json]
2026-02-24 06:34:44.348 DEBUG 875 --- [freshExecutor-0] o.s.w.c.RestTemplate                     : Response 200 OK
2026-02-24 06:34:44.348 DEBUG 875 --- [freshExecutor-0] o.s.w.c.RestTemplate                     : Reading to [org.springframework.cloud.netflix.eureka.http.EurekaApplications]
2026-02-24 06:34:48.850 DEBUG 875 --- [freshExecutor-0] o.s.w.c.RestTemplate                     : HTTP GET http://localhost:8761/eureka/apps/delta
2026-02-24 06:34:48.850 DEBUG 875 --- [freshExecutor-0] o.s.w.c.RestTemplate                     : Accept=[application/json, application/*+json]
2026-02-24 06:34:48.857 DEBUG 875 --- [freshExecutor-0] o.s.w.c.RestTemplate                     : Response 200 OK
2026-02-24 06:34:48.858 DEBUG 875 --- [freshExecutor-0] o.s.w.c.RestTemplate                     : Reading to [org.springframework.cloud.netflix.eureka.http.EurekaApplications]
2026-02-24 06:34:53.364 DEBUG 875 --- [freshExecutor-0] o.s.w.c.RestTemplate                     : HTTP GET http://localhost:8761/eureka/apps/delta
2026-02-24 06:34:53.364 DEBUG 875 --- [freshExecutor-0] o.s.w.c.RestTemplate                     : Accept=[application/json, application/*+json]
2026-02-24 06:34:53.368 DEBUG 875 --- [freshExecutor-0] o.s.w.c.RestTemplate                     : Response 200 OK
2026-02-24 06:34:53.368 DEBUG 875 --- [freshExecutor-0] o.s.w.c.RestTemplate                     : Reading to [org.springframework.cloud.netflix.eureka.http.EurekaApplications]
2026-02-24 06:34:57.856 DEBUG 875 --- [freshExecutor-0] o.s.w.c.RestTemplate                     : HTTP GET http://localhost:8761/eureka/apps/delta
2026-02-24 06:34:57.856 DEBUG 875 --- [freshExecutor-0] o.s.w.c.RestTemplate                     : Accept=[application/json, application/*+json]
2026-02-24 06:34:57.861 DEBUG 875 --- [freshExecutor-0] o.s.w.c.RestTemplate                     : Response 200 OK
2026-02-24 06:34:57.861 DEBUG 875 --- [freshExecutor-0] o.s.w.c.RestTemplate                     : Reading to [org.springframework.cloud.netflix.eureka.http.EurekaApplications]
2026-02-24 06:35:02.379 DEBUG 875 --- [freshExecutor-0] o.s.w.c.RestTemplate                     : HTTP GET http://localhost:8761/eureka/apps/delta
2026-02-24 06:35:02.379 DEBUG 875 --- [freshExecutor-0] o.s.w.c.RestTemplate                     : Accept=[application/json, application/*+json]
2026-02-24 06:35:02.383 DEBUG 875 --- [freshExecutor-0] o.s.w.c.RestTemplate                     : Response 200 OK
2026-02-24 06:35:02.383 DEBUG 875 --- [freshExecutor-0] o.s.w.c.RestTemplate                     : Reading to [org.springframework.cloud.netflix.eureka.http.EurekaApplications]
2026-02-24 06:35:06.672 DEBUG 875 --- [tbeatExecutor-0] o.s.w.c.RestTemplate                     : HTTP PUT http://localhost:8761/eureka/apps/SIGNIN/carbosys-app:SIGNIN:18060?status=UP&lastDirtyTimestamp=1771914775677
2026-02-24 06:35:06.672 DEBUG 875 --- [tbeatExecutor-0] o.s.w.c.RestTemplate                     : Accept=[application/json, application/*+json]
2026-02-24 06:35:06.677 DEBUG 875 --- [tbeatExecutor-0] o.s.w.c.RestTemplate                     : Response 200 OK
2026-02-24 06:35:06.885 DEBUG 875 --- [freshExecutor-0] o.s.w.c.RestTemplate                     : HTTP GET http://localhost:8761/eureka/apps/delta
2026-02-24 06:35:06.886 DEBUG 875 --- [freshExecutor-0] o.s.w.c.RestTemplate                     : Accept=[application/json, application/*+json]
2026-02-24 06:35:06.889 DEBUG 875 --- [freshExecutor-0] o.s.w.c.RestTemplate                     : Response 200 OK
2026-02-24 06:35:06.889 DEBUG 875 --- [freshExecutor-0] o.s.w.c.RestTemplate                     : Reading to [org.springframework.cloud.netflix.eureka.http.EurekaApplications]
2026-02-24 06:35:11.392 DEBUG 875 --- [freshExecutor-0] o.s.w.c.RestTemplate                     : HTTP GET http://localhost:8761/eureka/apps/delta
2026-02-24 06:35:11.392 DEBUG 875 --- [freshExecutor-0] o.s.w.c.RestTemplate                     : Accept=[application/json, application/*+json]
2026-02-24 06:35:11.396 DEBUG 875 --- [freshExecutor-0] o.s.w.c.RestTemplate                     : Response 200 OK
2026-02-24 06:35:11.397 DEBUG 875 --- [freshExecutor-0] o.s.w.c.RestTemplate                     : Reading to [org.springframework.cloud.netflix.eureka.http.EurekaApplications]
2026-02-24 06:35:15.890 DEBUG 875 --- [freshExecutor-0] o.s.w.c.RestTemplate                     : HTTP GET http://localhost:8761/eureka/apps/delta
2026-02-24 06:35:15.890 DEBUG 875 --- [freshExecutor-0] o.s.w.c.RestTemplate                     : Accept=[application/json, application/*+json]
2026-02-24 06:35:15.897 DEBUG 875 --- [freshExecutor-0] o.s.w.c.RestTemplate                     : Response 200 OK
2026-02-24 06:35:15.898 DEBUG 875 --- [freshExecutor-0] o.s.w.c.RestTemplate                     : Reading to [org.springframework.cloud.netflix.eureka.http.EurekaApplications]
2026-02-24 06:35:25.928 DEBUG 875 --- [freshExecutor-0] o.s.w.c.RestTemplate                     : HTTP GET http://localhost:8761/eureka/apps/delta
2026-02-24 06:35:25.929 DEBUG 875 --- [freshExecutor-0] o.s.w.c.RestTemplate                     : Accept=[application/json, application/*+json]
2026-02-24 06:35:25.932 DEBUG 875 --- [freshExecutor-0] o.s.w.c.RestTemplate                     : Response 200 OK
2026-02-24 06:35:25.932 DEBUG 875 --- [freshExecutor-0] o.s.w.c.RestTemplate                     : Reading to [org.springframework.cloud.netflix.eureka.http.EurekaApplications]
2026-02-24 06:35:25.244 DEBUG 875 --- [freshExecutor-0] o.s.w.c.RestTemplate                     : HTTP GET http://localhost:8761/eureka/apps/delta
2026-02-24 06:35:25.244 DEBUG 875 --- [freshExecutor-0] o.s.w.c.RestTemplate                     : Accept=[application/json, application/*+json]
2026-02-24 06:35:25.248 DEBUG 875 --- [freshExecutor-0] o.s.w.c.RestTemplate                     : Response 200 OK
2026-02-24 06:35:25.248 DEBUG 875 --- [freshExecutor-0] o.s.w.c.RestTemplate                     : Reading to [org.springframework.cloud.netflix.eureka.http.EurekaApplications]
2026-02-24 06:35:29.928 DEBUG 875 --- [freshExecutor-0] o.s.w.c.RestTemplate                     : HTTP GET http://localhost:8761/eureka/apps/delta
2026-02-24 06:35:29.929 DEBUG 875 --- [freshExecutor-0] o.s.w.c.RestTemplate                     : Accept=[application/json, application/*+json]
2026-02-24 06:35:29.932 DEBUG 875 --- [freshExecutor-0] o.s.w.c.RestTemplate                     : Response 200 OK
2026-02-24 06:35:29.932 DEBUG 875 --- [freshExecutor-0] o.s.w.c.RestTemplate                     : Reading to [org.springframework.cloud.netflix.eureka.http.EurekaApplications]
2026-02-24 06:35:34.185 DEBUG 875 --- [tbeatExecutor-0] o.s.w.c.RestTemplate                     : HTTP PUT http://localhost:8761/eureka/apps/SIGNIN/carbosys-app:SIGNIN:18060?status=UP&lastDirtyTimestamp=1771914775677
2026-02-24 06:35:34.185 DEBUG 875 --- [tbeatExecutor-0] o.s.w.c.RestTemplate                     : Accept=[application/json, application/*+json]
2026-02-24 06:35:34.189 DEBUG 875 --- [tbeatExecutor-0] o.s.w.c.RestTemplate                     : Response 200 OK
2026-02-24 06:35:34.443 DEBUG 875 --- [freshExecutor-0] o.s.w.c.RestTemplate                     : HTTP GET http://localhost:8761/eureka/apps/delta
2026-02-24 06:35:34.443 DEBUG 875 --- [freshExecutor-0] o.s.w.c.RestTemplate                     : Accept=[application/json, application/*+json]
2026-02-24 06:35:34.448 DEBUG 875 --- [freshExecutor-0] o.s.w.c.RestTemplate                     : Response 200 OK
2026-02-24 06:35:34.448 DEBUG 875 --- [freshExecutor-0] o.s.w.c.RestTemplate                     : Reading to [org.springframework.cloud.netflix.eureka.http.EurekaApplications]
2026-02-24 06:35:38.935 DEBUG 875 --- [freshExecutor-0] o.s.w.c.RestTemplate                     : HTTP GET http://localhost:8761/eureka/apps/delta
2026-02-24 06:35:38.936 DEBUG 875 --- [freshExecutor-0] o.s.w.c.RestTemplate                     : Accept=[application/json, application/*+json]
2026-02-24 06:35:38.949 DEBUG 875 --- [freshExecutor-0] o.s.w.c.RestTemplate                     : Response 200 OK
2026-02-24 06:35:38.949 DEBUG 875 --- [freshExecutor-0] o.s.w.c.RestTemplate                     : Reading to [org.springframework.cloud.netflix.eureka.http.EurekaApplications]
2026-02-24 06:35:43.444 DEBUG 875 --- [freshExecutor-0] o.s.w.c.RestTemplate                     : HTTP GET http://localhost:8761/eureka/apps/delta
2026-02-24 06:35:43.445 DEBUG 875 --- [freshExecutor-0] o.s.w.c.RestTemplate                     : Accept=[application/json, application/*+json]
2026-02-24 06:35:43.448 DEBUG 875 --- [freshExecutor-0] o.s.w.c.RestTemplate                     : Response 200 OK
2026-02-24 06:35:43.448 DEBUG 875 --- [freshExecutor-0] o.s.w.c.RestTemplate                     : Reading to [org.springframework.cloud.netflix.eureka.http.EurekaApplications]
2026-02-24 06:35:47.952 DEBUG 875 --- [freshExecutor-0] o.s.w.c.RestTemplate                     : HTTP GET http://localhost:8761/eureka/apps/delta
2026-02-24 06:35:47.952 DEBUG 875 --- [freshExecutor-0] o.s.w.c.RestTemplate                     : Accept=[application/json, application/*+json]
2026-02-24 06:35:47.967 DEBUG 875 --- [freshExecutor-0] o.s.w.c.RestTemplate                     : Response 200 OK
2026-02-24 06:35:47.967 DEBUG 875 --- [freshExecutor-0] o.s.w.c.RestTemplate                     : Reading to [org.springframework.cloud.netflix.eureka.http.EurekaApplications]
2026-02-24 06:35:52.475 DEBUG 875 --- [freshExecutor-0] o.s.w.c.RestTemplate                     : HTTP GET http://localhost:8761/eureka/apps/delta
2026-02-24 06:35:52.476 DEBUG 875 --- [freshExecutor-0] o.s.w.c.RestTemplate                     : Accept=[application/json, application/*+json]
2026-02-24 06:35:52.482 DEBUG 875 --- [freshExecutor-0] o.s.w.c.RestTemplate                     : Response 200 OK
2026-02-24 06:35:52.482 DEBUG 875 --- [freshExecutor-0] o.s.w.c.RestTemplate                     : Reading to [org.springframework.cloud.netflix.eureka.http.EurekaApplications]
2026-02-24 06:35:56.998 DEBUG 875 --- [freshExecutor-0] o.s.w.c.RestTemplate                     : HTTP GET http://localhost:8761/eureka/apps/delta
2026-02-24 06:35:56.998 DEBUG 875 --- [freshExecutor-0] o.s.w.c.RestTemplate                     : Accept=[application/json, application/*+json]
2026-02-24 06:35:57.002 DEBUG 875 --- [freshExecutor-0] o.s.w.c.RestTemplate                     : Response 200 OK
2026-02-24 06:35:57.003 DEBUG 875 --- [freshExecutor-0] o.s.w.c.RestTemplate                     : Reading to [org.springframework.cloud.netflix.eureka.http.EurekaApplications]
2026-02-24 06:36:01.174 DEBUG 875 --- [tbeatExecutor-0] o.s.w.c.RestTemplate                     : HTTP PUT http://localhost:8761/eureka/apps/SIGNIN/carbosys-app:SIGNIN:18060?status=UP&lastDirtyTimestamp=1771914775677
2026-02-24 06:36:01.175 DEBUG 875 --- [tbeatExecutor-0] o.s.w.c.RestTemplate                     : Accept=[application/json, application/*+json]
2026-02-24 06:36:01.179 DEBUG 875 --- [tbeatExecutor-0] o.s.w.c.RestTemplate                     : Response 200 OK
2026-02-24 06:36:01.497 DEBUG 875 --- [freshExecutor-0] o.s.w.c.RestTemplate                     : HTTP GET http://localhost:8761/eureka/apps/delta
2026-02-24 06:36:01.497 DEBUG 875 --- [freshExecutor-0] o.s.w.c.RestTemplate                     : Accept=[application/json, application/*+json]
2026-02-24 06:36:01.500 DEBUG 875 --- [freshExecutor-0] o.s.w.c.RestTemplate                     : Response 200 OK
2026-02-24 06:36:01.501 DEBUG 875 --- [freshExecutor-0] o.s.w.c.RestTemplate                     : Reading to [org.springframework.cloud.netflix.eureka.http.EurekaApplications]
2026-02-24 06:36:06.006 DEBUG 875 --- [freshExecutor-0] o.s.w.c.RestTemplate                     : HTTP GET http://localhost:8761/eureka/apps/delta
2026-02-24 06:36:06.007 DEBUG 875 --- [freshExecutor-0] o.s.w.c.RestTemplate                     : Accept=[application/json, application/*+json]
2026-02-24 06:36:06.020 DEBUG 875 --- [freshExecutor-0] o.s.w.c.RestTemplate                     : Response 200 OK
2026-02-24 06:36:06.020 DEBUG 875 --- [freshExecutor-0] o.s.w.c.RestTemplate                     : Reading to [org.springframework.cloud.netflix.eureka.http.EurekaApplications]
2026-02-24 06:36:16.040 DEBUG 875 --- [freshExecutor-0] o.s.w.c.RestTemplate                     : HTTP GET http://localhost:8761/eureka/apps/delta
2026-02-24 06:36:16.040 DEBUG 875 --- [freshExecutor-0] o.s.w.c.RestTemplate                     : Accept=[application/json, application/*+json]
2026-02-24 06:36:16.043 DEBUG 875 --- [freshExecutor-0] o.s.w.c.RestTemplate                     : Response 200 OK
2026-02-24 06:36:16.043 DEBUG 875 --- [freshExecutor-0] o.s.w.c.RestTemplate                     : Reading to [org.springframework.cloud.netflix.eureka.http.EurekaApplications]
2026-02-24 06:36:15.521 DEBUG 875 --- [freshExecutor-0] o.s.w.c.RestTemplate                     : HTTP GET http://localhost:8761/eureka/apps/delta
2026-02-24 06:36:15.522 DEBUG 875 --- [freshExecutor-0] o.s.w.c.RestTemplate                     : Accept=[application/json, application/*+json]
2026-02-24 06:36:15.524 DEBUG 875 --- [freshExecutor-0] o.s.w.c.RestTemplate                     : Response 200 OK
2026-02-24 06:36:15.524 DEBUG 875 --- [freshExecutor-0] o.s.w.c.RestTemplate                     : Reading to [org.springframework.cloud.netflix.eureka.http.EurekaApplications]
2026-02-24 06:36:19.898 DEBUG 875 --- [freshExecutor-0] o.s.w.c.RestTemplate                     : HTTP GET http://localhost:8761/eureka/apps/delta
2026-02-24 06:36:19.898 DEBUG 875 --- [freshExecutor-0] o.s.w.c.RestTemplate                     : Accept=[application/json, application/*+json]
2026-02-24 06:36:19.901 DEBUG 875 --- [freshExecutor-0] o.s.w.c.RestTemplate                     : Response 200 OK
2026-02-24 06:36:19.901 DEBUG 875 --- [freshExecutor-0] o.s.w.c.RestTemplate                     : Reading to [org.springframework.cloud.netflix.eureka.http.EurekaApplications]
2026-02-24 06:36:24.533 DEBUG 875 --- [freshExecutor-0] o.s.w.c.RestTemplate                     : HTTP GET http://localhost:8761/eureka/apps/delta
2026-02-24 06:36:24.533 DEBUG 875 --- [freshExecutor-0] o.s.w.c.RestTemplate                     : Accept=[application/json, application/*+json]
2026-02-24 06:36:24.537 DEBUG 875 --- [freshExecutor-0] o.s.w.c.RestTemplate                     : Response 200 OK
2026-02-24 06:36:24.537 DEBUG 875 --- [freshExecutor-0] o.s.w.c.RestTemplate                     : Reading to [org.springframework.cloud.netflix.eureka.http.EurekaApplications]
2026-02-24 06:36:28.666 DEBUG 875 --- [tbeatExecutor-0] o.s.w.c.RestTemplate                     : HTTP PUT http://localhost:8761/eureka/apps/SIGNIN/carbosys-app:SIGNIN:18060?status=UP&lastDirtyTimestamp=1771914775677
2026-02-24 06:36:28.666 DEBUG 875 --- [tbeatExecutor-0] o.s.w.c.RestTemplate                     : Accept=[application/json, application/*+json]
2026-02-24 06:36:28.671 DEBUG 875 --- [tbeatExecutor-0] o.s.w.c.RestTemplate                     : Response 200 OK
2026-02-24 06:36:29.028 DEBUG 875 --- [freshExecutor-0] o.s.w.c.RestTemplate                     : HTTP GET http://localhost:8761/eureka/apps/delta
2026-02-24 06:36:29.029 DEBUG 875 --- [freshExecutor-0] o.s.w.c.RestTemplate                     : Accept=[application/json, application/*+json]
2026-02-24 06:36:29.043 DEBUG 875 --- [freshExecutor-0] o.s.w.c.RestTemplate                     : Response 200 OK
2026-02-24 06:36:29.043 DEBUG 875 --- [freshExecutor-0] o.s.w.c.RestTemplate                     : Reading to [org.springframework.cloud.netflix.eureka.http.EurekaApplications]
2026-02-24 06:36:33.570 DEBUG 875 --- [freshExecutor-0] o.s.w.c.RestTemplate                     : HTTP GET http://localhost:8761/eureka/apps/delta
2026-02-24 06:36:33.570 DEBUG 875 --- [freshExecutor-0] o.s.w.c.RestTemplate                     : Accept=[application/json, application/*+json]
2026-02-24 06:36:33.574 DEBUG 875 --- [freshExecutor-0] o.s.w.c.RestTemplate                     : Response 200 OK
2026-02-24 06:36:33.574 DEBUG 875 --- [freshExecutor-0] o.s.w.c.RestTemplate                     : Reading to [org.springframework.cloud.netflix.eureka.http.EurekaApplications]
2026-02-24 06:36:38.049 DEBUG 875 --- [freshExecutor-0] o.s.w.c.RestTemplate                     : HTTP GET http://localhost:8761/eureka/apps/delta
2026-02-24 06:36:38.049 DEBUG 875 --- [freshExecutor-0] o.s.w.c.RestTemplate                     : Accept=[application/json, application/*+json]
2026-02-24 06:36:38.053 DEBUG 875 --- [freshExecutor-0] o.s.w.c.RestTemplate                     : Response 200 OK
2026-02-24 06:36:38.053 DEBUG 875 --- [freshExecutor-0] o.s.w.c.RestTemplate                     : Reading to [org.springframework.cloud.netflix.eureka.http.EurekaApplications]
2026-02-24 06:36:42.557 DEBUG 875 --- [freshExecutor-0] o.s.w.c.RestTemplate                     : HTTP GET http://localhost:8761/eureka/apps/delta
2026-02-24 06:36:42.557 DEBUG 875 --- [freshExecutor-0] o.s.w.c.RestTemplate                     : Accept=[application/json, application/*+json]
2026-02-24 06:36:42.571 DEBUG 875 --- [freshExecutor-0] o.s.w.c.RestTemplate                     : Response 200 OK
2026-02-24 06:36:42.571 DEBUG 875 --- [freshExecutor-0] o.s.w.c.RestTemplate                     : Reading to [org.springframework.cloud.netflix.eureka.http.EurekaApplications]
2026-02-24 06:36:47.092 DEBUG 875 --- [freshExecutor-0] o.s.w.c.RestTemplate                     : HTTP GET http://localhost:8761/eureka/apps/delta
2026-02-24 06:36:47.093 DEBUG 875 --- [freshExecutor-0] o.s.w.c.RestTemplate                     : Accept=[application/json, application/*+json]
2026-02-24 06:36:47.107 DEBUG 875 --- [freshExecutor-0] o.s.w.c.RestTemplate                     : Response 200 OK
2026-02-24 06:36:47.108 DEBUG 875 --- [freshExecutor-0] o.s.w.c.RestTemplate                     : Reading to [org.springframework.cloud.netflix.eureka.http.EurekaApplications]
2026-02-24 06:36:51.604 DEBUG 875 --- [freshExecutor-0] o.s.w.c.RestTemplate                     : HTTP GET http://localhost:8761/eureka/apps/delta
2026-02-24 06:36:51.605 DEBUG 875 --- [freshExecutor-0] o.s.w.c.RestTemplate                     : Accept=[application/json, application/*+json]
2026-02-24 06:36:51.608 DEBUG 875 --- [freshExecutor-0] o.s.w.c.RestTemplate                     : Response 200 OK
2026-02-24 06:36:51.608 DEBUG 875 --- [freshExecutor-0] o.s.w.c.RestTemplate                     : Reading to [org.springframework.cloud.netflix.eureka.http.EurekaApplications]
2026-02-24 06:36:55.681 DEBUG 875 --- [tbeatExecutor-0] o.s.w.c.RestTemplate                     : HTTP PUT http://localhost:8761/eureka/apps/SIGNIN/carbosys-app:SIGNIN:18060?status=UP&lastDirtyTimestamp=1771914775677
2026-02-24 06:36:55.682 DEBUG 875 --- [tbeatExecutor-0] o.s.w.c.RestTemplate                     : Accept=[application/json, application/*+json]
2026-02-24 06:36:55.686 DEBUG 875 --- [tbeatExecutor-0] o.s.w.c.RestTemplate                     : Response 200 OK
2026-02-24 06:36:56.112 DEBUG 875 --- [freshExecutor-0] o.s.w.c.RestTemplate                     : HTTP GET http://localhost:8761/eureka/apps/delta
2026-02-24 06:36:56.113 DEBUG 875 --- [freshExecutor-0] o.s.w.c.RestTemplate                     : Accept=[application/json, application/*+json]
2026-02-24 06:36:56.118 DEBUG 875 --- [freshExecutor-0] o.s.w.c.RestTemplate                     : Response 200 OK
2026-02-24 06:36:56.118 DEBUG 875 --- [freshExecutor-0] o.s.w.c.RestTemplate                     : Reading to [org.springframework.cloud.netflix.eureka.http.EurekaApplications]
2026-02-24 06:37:06.136 DEBUG 875 --- [freshExecutor-0] o.s.w.c.RestTemplate                     : HTTP GET http://localhost:8761/eureka/apps/delta
2026-02-24 06:37:06.136 DEBUG 875 --- [freshExecutor-0] o.s.w.c.RestTemplate                     : Accept=[application/json, application/*+json]
2026-02-24 06:37:06.139 DEBUG 875 --- [freshExecutor-0] o.s.w.c.RestTemplate                     : Response 200 OK
2026-02-24 06:37:06.139 DEBUG 875 --- [freshExecutor-0] o.s.w.c.RestTemplate                     : Reading to [org.springframework.cloud.netflix.eureka.http.EurekaApplications]
2026-02-24 06:37:05.629 DEBUG 875 --- [freshExecutor-0] o.s.w.c.RestTemplate                     : HTTP GET http://localhost:8761/eureka/apps/delta
2026-02-24 06:37:05.629 DEBUG 875 --- [freshExecutor-0] o.s.w.c.RestTemplate                     : Accept=[application/json, application/*+json]
2026-02-24 06:37:05.633 DEBUG 875 --- [freshExecutor-0] o.s.w.c.RestTemplate                     : Response 200 OK
2026-02-24 06:37:05.633 DEBUG 875 --- [freshExecutor-0] o.s.w.c.RestTemplate                     : Reading to [org.springframework.cloud.netflix.eureka.http.EurekaApplications]
2026-02-24 06:37:10.120 DEBUG 875 --- [freshExecutor-0] o.s.w.c.RestTemplate                     : HTTP GET http://localhost:8761/eureka/apps/delta
2026-02-24 06:37:10.121 DEBUG 875 --- [freshExecutor-0] o.s.w.c.RestTemplate                     : Accept=[application/json, application/*+json]
2026-02-24 06:37:10.125 DEBUG 875 --- [freshExecutor-0] o.s.w.c.RestTemplate                     : Response 200 OK
2026-02-24 06:37:10.125 DEBUG 875 --- [freshExecutor-0] o.s.w.c.RestTemplate                     : Reading to [org.springframework.cloud.netflix.eureka.http.EurekaApplications]
2026-02-24 06:37:14.550 DEBUG 875 --- [freshExecutor-0] o.s.w.c.RestTemplate                     : HTTP GET http://localhost:8761/eureka/apps/delta
2026-02-24 06:37:14.550 DEBUG 875 --- [freshExecutor-0] o.s.w.c.RestTemplate                     : Accept=[application/json, application/*+json]
2026-02-24 06:37:14.554 DEBUG 875 --- [freshExecutor-0] o.s.w.c.RestTemplate                     : Response 200 OK
2026-02-24 06:37:14.554 DEBUG 875 --- [freshExecutor-0] o.s.w.c.RestTemplate                     : Reading to [org.springframework.cloud.netflix.eureka.http.EurekaApplications]
2026-02-24 06:37:19.149 DEBUG 875 --- [freshExecutor-0] o.s.w.c.RestTemplate                     : HTTP GET http://localhost:8761/eureka/apps/delta
2026-02-24 06:37:19.150 DEBUG 875 --- [freshExecutor-0] o.s.w.c.RestTemplate                     : Accept=[application/json, application/*+json]
2026-02-24 06:37:19.153 DEBUG 875 --- [freshExecutor-0] o.s.w.c.RestTemplate                     : Response 200 OK
2026-02-24 06:37:19.153 DEBUG 875 --- [freshExecutor-0] o.s.w.c.RestTemplate                     : Reading to [org.springframework.cloud.netflix.eureka.http.EurekaApplications]
2026-02-24 06:37:22.999  INFO 875 --- [trap-executor-0] c.n.d.s.r.a.ConfigClusterResolver        : Resolving eureka endpoints via configuration
2026-02-24 06:37:23.182 DEBUG 875 --- [tbeatExecutor-0] o.s.w.c.RestTemplate                     : HTTP PUT http://localhost:8761/eureka/apps/SIGNIN/carbosys-app:SIGNIN:18060?status=UP&lastDirtyTimestamp=1771914775677
2026-02-24 06:37:23.182 DEBUG 875 --- [tbeatExecutor-0] o.s.w.c.RestTemplate                     : Accept=[application/json, application/*+json]
2026-02-24 06:37:23.184 DEBUG 875 --- [tbeatExecutor-0] o.s.w.c.RestTemplate                     : Response 200 OK
2026-02-24 06:37:23.657 DEBUG 875 --- [freshExecutor-0] o.s.w.c.RestTemplate                     : HTTP GET http://localhost:8761/eureka/apps/delta
2026-02-24 06:37:23.657 DEBUG 875 --- [freshExecutor-0] o.s.w.c.RestTemplate                     : Accept=[application/json, application/*+json]
2026-02-24 06:37:23.661 DEBUG 875 --- [freshExecutor-0] o.s.w.c.RestTemplate                     : Response 200 OK
2026-02-24 06:37:23.661 DEBUG 875 --- [freshExecutor-0] o.s.w.c.RestTemplate                     : Reading to [org.springframework.cloud.netflix.eureka.http.EurekaApplications]
2026-02-24 06:37:28.166 DEBUG 875 --- [freshExecutor-0] o.s.w.c.RestTemplate                     : HTTP GET http://localhost:8761/eureka/apps/delta
2026-02-24 06:37:28.167 DEBUG 875 --- [freshExecutor-0] o.s.w.c.RestTemplate                     : Accept=[application/json, application/*+json]
2026-02-24 06:37:28.171 DEBUG 875 --- [freshExecutor-0] o.s.w.c.RestTemplate                     : Response 200 OK
2026-02-24 06:37:28.171 DEBUG 875 --- [freshExecutor-0] o.s.w.c.RestTemplate                     : Reading to [org.springframework.cloud.netflix.eureka.http.EurekaApplications]
2026-02-24 06:37:32.674 DEBUG 875 --- [freshExecutor-0] o.s.w.c.RestTemplate                     : HTTP GET http://localhost:8761/eureka/apps/delta
2026-02-24 06:37:32.675 DEBUG 875 --- [freshExecutor-0] o.s.w.c.RestTemplate                     : Accept=[application/json, application/*+json]
2026-02-24 06:37:32.678 DEBUG 875 --- [freshExecutor-0] o.s.w.c.RestTemplate                     : Response 200 OK
2026-02-24 06:37:32.678 DEBUG 875 --- [freshExecutor-0] o.s.w.c.RestTemplate                     : Reading to [org.springframework.cloud.netflix.eureka.http.EurekaApplications]
2026-02-24 06:37:37.169 DEBUG 875 --- [freshExecutor-0] o.s.w.c.RestTemplate                     : HTTP GET http://localhost:8761/eureka/apps/delta
2026-02-24 06:37:37.170 DEBUG 875 --- [freshExecutor-0] o.s.w.c.RestTemplate                     : Accept=[application/json, application/*+json]
2026-02-24 06:37:37.181 DEBUG 875 --- [freshExecutor-0] o.s.w.c.RestTemplate                     : Response 200 OK
2026-02-24 06:37:37.181 DEBUG 875 --- [freshExecutor-0] o.s.w.c.RestTemplate                     : Reading to [org.springframework.cloud.netflix.eureka.http.EurekaApplications]
2026-02-24 06:37:41.689 DEBUG 875 --- [freshExecutor-0] o.s.w.c.RestTemplate                     : HTTP GET http://localhost:8761/eureka/apps/delta
2026-02-24 06:37:41.690 DEBUG 875 --- [freshExecutor-0] o.s.w.c.RestTemplate                     : Accept=[application/json, application/*+json]
2026-02-24 06:37:41.694 DEBUG 875 --- [freshExecutor-0] o.s.w.c.RestTemplate                     : Response 200 OK
2026-02-24 06:37:41.694 DEBUG 875 --- [freshExecutor-0] o.s.w.c.RestTemplate                     : Reading to [org.springframework.cloud.netflix.eureka.http.EurekaApplications]
2026-02-24 06:37:46.189 DEBUG 875 --- [freshExecutor-0] o.s.w.c.RestTemplate                     : HTTP GET http://localhost:8761/eureka/apps/delta
2026-02-24 06:37:46.189 DEBUG 875 --- [freshExecutor-0] o.s.w.c.RestTemplate                     : Accept=[application/json, application/*+json]
2026-02-24 06:37:46.193 DEBUG 875 --- [freshExecutor-0] o.s.w.c.RestTemplate                     : Response 200 OK
2026-02-24 06:37:46.193 DEBUG 875 --- [freshExecutor-0] o.s.w.c.RestTemplate                     : Reading to [org.springframework.cloud.netflix.eureka.http.EurekaApplications]
2026-02-24 06:37:50.678 DEBUG 875 --- [tbeatExecutor-0] o.s.w.c.RestTemplate                     : HTTP PUT http://localhost:8761/eureka/apps/SIGNIN/carbosys-app:SIGNIN:18060?status=UP&lastDirtyTimestamp=1771914775677
2026-02-24 06:37:50.678 DEBUG 875 --- [tbeatExecutor-0] o.s.w.c.RestTemplate                     : Accept=[application/json, application/*+json]
2026-02-24 06:37:50.682 DEBUG 875 --- [tbeatExecutor-0] o.s.w.c.RestTemplate                     : Response 200 OK
2026-02-24 06:37:56.227 DEBUG 875 --- [freshExecutor-0] o.s.w.c.RestTemplate                     : HTTP GET http://localhost:8761/eureka/apps/delta
2026-02-24 06:37:56.227 DEBUG 875 --- [freshExecutor-0] o.s.w.c.RestTemplate                     : Accept=[application/json, application/*+json]
2026-02-24 06:37:56.229 DEBUG 875 --- [freshExecutor-0] o.s.w.c.RestTemplate                     : Response 200 OK
2026-02-24 06:37:56.230 DEBUG 875 --- [freshExecutor-0] o.s.w.c.RestTemplate                     : Reading to [org.springframework.cloud.netflix.eureka.http.EurekaApplications]
2026-02-24 06:37:55.727 DEBUG 875 --- [freshExecutor-0] o.s.w.c.RestTemplate                     : HTTP GET http://localhost:8761/eureka/apps/delta
2026-02-24 06:37:55.728 DEBUG 875 --- [freshExecutor-0] o.s.w.c.RestTemplate                     : Accept=[application/json, application/*+json]
2026-02-24 06:37:55.729 DEBUG 875 --- [freshExecutor-0] o.s.w.c.RestTemplate                     : Response 200 OK
2026-02-24 06:37:55.729 DEBUG 875 --- [freshExecutor-0] o.s.w.c.RestTemplate                     : Reading to [org.springframework.cloud.netflix.eureka.http.EurekaApplications]
2026-02-24 06:38:05.737 DEBUG 875 --- [freshExecutor-0] o.s.w.c.RestTemplate                     : HTTP GET http://localhost:8761/eureka/apps/delta
2026-02-24 06:38:05.737 DEBUG 875 --- [freshExecutor-0] o.s.w.c.RestTemplate                     : Accept=[application/json, application/*+json]
2026-02-24 06:38:05.740 DEBUG 875 --- [freshExecutor-0] o.s.w.c.RestTemplate                     : Response 200 OK
2026-02-24 06:38:05.740 DEBUG 875 --- [freshExecutor-0] o.s.w.c.RestTemplate                     : Reading to [org.springframework.cloud.netflix.eureka.http.EurekaApplications]
2026-02-24 06:38:10.741 DEBUG 875 --- [freshExecutor-0] o.s.w.c.RestTemplate                     : HTTP GET http://localhost:8761/eureka/apps/delta
2026-02-24 06:38:10.742 DEBUG 875 --- [freshExecutor-0] o.s.w.c.RestTemplate                     : Accept=[application/json, application/*+json]
2026-02-24 06:38:10.744 DEBUG 875 --- [freshExecutor-0] o.s.w.c.RestTemplate                     : Response 200 OK
2026-02-24 06:38:10.745 DEBUG 875 --- [freshExecutor-0] o.s.w.c.RestTemplate                     : Reading to [org.springframework.cloud.netflix.eureka.http.EurekaApplications]
2026-02-24 06:38:09.220 DEBUG 875 --- [freshExecutor-0] o.s.w.c.RestTemplate                     : HTTP GET http://localhost:8761/eureka/apps/delta
2026-02-24 06:38:09.220 DEBUG 875 --- [freshExecutor-0] o.s.w.c.RestTemplate                     : Accept=[application/json, application/*+json]
2026-02-24 06:38:09.222 DEBUG 875 --- [freshExecutor-0] o.s.w.c.RestTemplate                     : Response 200 OK
2026-02-24 06:38:09.223 DEBUG 875 --- [freshExecutor-0] o.s.w.c.RestTemplate                     : Reading to [org.springframework.cloud.netflix.eureka.http.EurekaApplications]
2026-02-24 06:38:13.730 DEBUG 875 --- [freshExecutor-0] o.s.w.c.RestTemplate                     : HTTP GET http://localhost:8761/eureka/apps/delta
2026-02-24 06:38:13.731 DEBUG 875 --- [freshExecutor-0] o.s.w.c.RestTemplate                     : Accept=[application/json, application/*+json]
2026-02-24 06:38:13.734 DEBUG 875 --- [freshExecutor-0] o.s.w.c.RestTemplate                     : Response 200 OK
2026-02-24 06:38:13.735 DEBUG 875 --- [freshExecutor-0] o.s.w.c.RestTemplate                     : Reading to [org.springframework.cloud.netflix.eureka.http.EurekaApplications]
2026-02-24 06:38:17.679 DEBUG 875 --- [tbeatExecutor-0] o.s.w.c.RestTemplate                     : HTTP PUT http://localhost:8761/eureka/apps/SIGNIN/carbosys-app:SIGNIN:18060?status=UP&lastDirtyTimestamp=1771914775677
2026-02-24 06:38:17.679 DEBUG 875 --- [tbeatExecutor-0] o.s.w.c.RestTemplate                     : Accept=[application/json, application/*+json]
2026-02-24 06:38:17.684 DEBUG 875 --- [tbeatExecutor-0] o.s.w.c.RestTemplate                     : Response 200 OK
2026-02-24 06:38:18.236 DEBUG 875 --- [freshExecutor-0] o.s.w.c.RestTemplate                     : HTTP GET http://localhost:8761/eureka/apps/delta
2026-02-24 06:38:18.236 DEBUG 875 --- [freshExecutor-0] o.s.w.c.RestTemplate                     : Accept=[application/json, application/*+json]
2026-02-24 06:38:18.239 DEBUG 875 --- [freshExecutor-0] o.s.w.c.RestTemplate                     : Response 200 OK
2026-02-24 06:38:18.239 DEBUG 875 --- [freshExecutor-0] o.s.w.c.RestTemplate                     : Reading to [org.springframework.cloud.netflix.eureka.http.EurekaApplications]
2026-02-24 06:38:22.756 DEBUG 875 --- [freshExecutor-0] o.s.w.c.RestTemplate                     : HTTP GET http://localhost:8761/eureka/apps/delta
2026-02-24 06:38:22.757 DEBUG 875 --- [freshExecutor-0] o.s.w.c.RestTemplate                     : Accept=[application/json, application/*+json]
2026-02-24 06:38:22.759 DEBUG 875 --- [freshExecutor-0] o.s.w.c.RestTemplate                     : Response 200 OK
2026-02-24 06:38:22.759 DEBUG 875 --- [freshExecutor-0] o.s.w.c.RestTemplate                     : Reading to [org.springframework.cloud.netflix.eureka.http.EurekaApplications]
2026-02-24 06:38:27.262 DEBUG 875 --- [freshExecutor-0] o.s.w.c.RestTemplate                     : HTTP GET http://localhost:8761/eureka/apps/delta
2026-02-24 06:38:27.263 DEBUG 875 --- [freshExecutor-0] o.s.w.c.RestTemplate                     : Accept=[application/json, application/*+json]
2026-02-24 06:38:27.265 DEBUG 875 --- [freshExecutor-0] o.s.w.c.RestTemplate                     : Response 200 OK
2026-02-24 06:38:27.266 DEBUG 875 --- [freshExecutor-0] o.s.w.c.RestTemplate                     : Reading to [org.springframework.cloud.netflix.eureka.http.EurekaApplications]
2026-02-24 06:38:31.753 DEBUG 875 --- [freshExecutor-0] o.s.w.c.RestTemplate                     : HTTP GET http://localhost:8761/eureka/apps/delta
2026-02-24 06:38:31.754 DEBUG 875 --- [freshExecutor-0] o.s.w.c.RestTemplate                     : Accept=[application/json, application/*+json]
2026-02-24 06:38:31.757 DEBUG 875 --- [freshExecutor-0] o.s.w.c.RestTemplate                     : Response 200 OK
2026-02-24 06:38:31.757 DEBUG 875 --- [freshExecutor-0] o.s.w.c.RestTemplate                     : Reading to [org.springframework.cloud.netflix.eureka.http.EurekaApplications]
2026-02-24 06:38:36.262 DEBUG 875 --- [freshExecutor-0] o.s.w.c.RestTemplate                     : HTTP GET http://localhost:8761/eureka/apps/delta
2026-02-24 06:38:36.263 DEBUG 875 --- [freshExecutor-0] o.s.w.c.RestTemplate                     : Accept=[application/json, application/*+json]
2026-02-24 06:38:36.265 DEBUG 875 --- [freshExecutor-0] o.s.w.c.RestTemplate                     : Response 200 OK
2026-02-24 06:38:36.266 DEBUG 875 --- [freshExecutor-0] o.s.w.c.RestTemplate                     : Reading to [org.springframework.cloud.netflix.eureka.http.EurekaApplications]
2026-02-24 06:38:46.284 DEBUG 875 --- [freshExecutor-0] o.s.w.c.RestTemplate                     : HTTP GET http://localhost:8761/eureka/apps/delta
2026-02-24 06:38:46.284 DEBUG 875 --- [freshExecutor-0] o.s.w.c.RestTemplate                     : Accept=[application/json, application/*+json]
2026-02-24 06:38:46.287 DEBUG 875 --- [freshExecutor-0] o.s.w.c.RestTemplate                     : Response 200 OK
2026-02-24 06:38:46.287 DEBUG 875 --- [freshExecutor-0] o.s.w.c.RestTemplate                     : Reading to [org.springframework.cloud.netflix.eureka.http.EurekaApplications]
2026-02-24 06:38:45.185 DEBUG 875 --- [tbeatExecutor-0] o.s.w.c.RestTemplate                     : HTTP PUT http://localhost:8761/eureka/apps/SIGNIN/carbosys-app:SIGNIN:18060?status=UP&lastDirtyTimestamp=1771914775677
2026-02-24 06:38:45.185 DEBUG 875 --- [tbeatExecutor-0] o.s.w.c.RestTemplate                     : Accept=[application/json, application/*+json]
2026-02-24 06:38:45.188 DEBUG 875 --- [tbeatExecutor-0] o.s.w.c.RestTemplate                     : Response 200 OK
2026-02-24 06:38:45.796 DEBUG 875 --- [freshExecutor-0] o.s.w.c.RestTemplate                     : HTTP GET http://localhost:8761/eureka/apps/delta
2026-02-24 06:38:45.796 DEBUG 875 --- [freshExecutor-0] o.s.w.c.RestTemplate                     : Accept=[application/json, application/*+json]
2026-02-24 06:38:45.798 DEBUG 875 --- [freshExecutor-0] o.s.w.c.RestTemplate                     : Response 200 OK
2026-02-24 06:38:45.798 DEBUG 875 --- [freshExecutor-0] o.s.w.c.RestTemplate                     : Reading to [org.springframework.cloud.netflix.eureka.http.EurekaApplications]
2026-02-24 06:38:50.300 DEBUG 875 --- [freshExecutor-0] o.s.w.c.RestTemplate                     : HTTP GET http://localhost:8761/eureka/apps/delta
2026-02-24 06:38:50.300 DEBUG 875 --- [freshExecutor-0] o.s.w.c.RestTemplate                     : Accept=[application/json, application/*+json]
2026-02-24 06:38:50.305 DEBUG 875 --- [freshExecutor-0] o.s.w.c.RestTemplate                     : Response 200 OK
2026-02-24 06:38:50.305 DEBUG 875 --- [freshExecutor-0] o.s.w.c.RestTemplate                     : Reading to [org.springframework.cloud.netflix.eureka.http.EurekaApplications]
2026-02-24 06:38:54.819 DEBUG 875 --- [freshExecutor-0] o.s.w.c.RestTemplate                     : HTTP GET http://localhost:8761/eureka/apps/delta
2026-02-24 06:38:54.819 DEBUG 875 --- [freshExecutor-0] o.s.w.c.RestTemplate                     : Accept=[application/json, application/*+json]
2026-02-24 06:38:54.823 DEBUG 875 --- [freshExecutor-0] o.s.w.c.RestTemplate                     : Response 200 OK
2026-02-24 06:38:54.823 DEBUG 875 --- [freshExecutor-0] o.s.w.c.RestTemplate                     : Reading to [org.springframework.cloud.netflix.eureka.http.EurekaApplications]
2026-02-24 06:38:59.325 DEBUG 875 --- [freshExecutor-0] o.s.w.c.RestTemplate                     : HTTP GET http://localhost:8761/eureka/apps/delta
2026-02-24 06:38:59.325 DEBUG 875 --- [freshExecutor-0] o.s.w.c.RestTemplate                     : Accept=[application/json, application/*+json]
2026-02-24 06:38:59.328 DEBUG 875 --- [freshExecutor-0] o.s.w.c.RestTemplate                     : Response 200 OK
2026-02-24 06:38:59.329 DEBUG 875 --- [freshExecutor-0] o.s.w.c.RestTemplate                     : Reading to [org.springframework.cloud.netflix.eureka.http.EurekaApplications]
2026-02-24 06:39:03.842 DEBUG 875 --- [freshExecutor-0] o.s.w.c.RestTemplate                     : HTTP GET http://localhost:8761/eureka/apps/delta
2026-02-24 06:39:03.842 DEBUG 875 --- [freshExecutor-0] o.s.w.c.RestTemplate                     : Accept=[application/json, application/*+json]
2026-02-24 06:39:03.845 DEBUG 875 --- [freshExecutor-0] o.s.w.c.RestTemplate                     : Response 200 OK
2026-02-24 06:39:03.846 DEBUG 875 --- [freshExecutor-0] o.s.w.c.RestTemplate                     : Reading to [org.springframework.cloud.netflix.eureka.http.EurekaApplications]
2026-02-24 06:39:08.343 DEBUG 875 --- [freshExecutor-0] o.s.w.c.RestTemplate                     : HTTP GET http://localhost:8761/eureka/apps/delta
2026-02-24 06:39:08.343 DEBUG 875 --- [freshExecutor-0] o.s.w.c.RestTemplate                     : Accept=[application/json, application/*+json]
2026-02-24 06:39:08.347 DEBUG 875 --- [freshExecutor-0] o.s.w.c.RestTemplate                     : Response 200 OK
2026-02-24 06:39:08.347 DEBUG 875 --- [freshExecutor-0] o.s.w.c.RestTemplate                     : Reading to [org.springframework.cloud.netflix.eureka.http.EurekaApplications]
2026-02-24 06:39:12.182 DEBUG 875 --- [tbeatExecutor-0] o.s.w.c.RestTemplate                     : HTTP PUT http://localhost:8761/eureka/apps/SIGNIN/carbosys-app:SIGNIN:18060?status=UP&lastDirtyTimestamp=1771914775677
2026-02-24 06:39:12.183 DEBUG 875 --- [tbeatExecutor-0] o.s.w.c.RestTemplate                     : Accept=[application/json, application/*+json]
2026-02-24 06:39:12.186 DEBUG 875 --- [tbeatExecutor-0] o.s.w.c.RestTemplate                     : Response 200 OK
2026-02-24 06:39:12.840 DEBUG 875 --- [freshExecutor-0] o.s.w.c.RestTemplate                     : HTTP GET http://localhost:8761/eureka/apps/delta
2026-02-24 06:39:12.840 DEBUG 875 --- [freshExecutor-0] o.s.w.c.RestTemplate                     : Accept=[application/json, application/*+json]
2026-02-24 06:39:12.843 DEBUG 875 --- [freshExecutor-0] o.s.w.c.RestTemplate                     : Response 200 OK
2026-02-24 06:39:12.843 DEBUG 875 --- [freshExecutor-0] o.s.w.c.RestTemplate                     : Reading to [org.springframework.cloud.netflix.eureka.http.EurekaApplications]
2026-02-24 06:39:17.350 DEBUG 875 --- [freshExecutor-0] o.s.w.c.RestTemplate                     : HTTP GET http://localhost:8761/eureka/apps/delta
2026-02-24 06:39:17.350 DEBUG 875 --- [freshExecutor-0] o.s.w.c.RestTemplate                     : Accept=[application/json, application/*+json]
2026-02-24 06:39:17.353 DEBUG 875 --- [freshExecutor-0] o.s.w.c.RestTemplate                     : Response 200 OK
2026-02-24 06:39:17.353 DEBUG 875 --- [freshExecutor-0] o.s.w.c.RestTemplate                     : Reading to [org.springframework.cloud.netflix.eureka.http.EurekaApplications]
2026-02-24 06:39:21.849 DEBUG 875 --- [freshExecutor-0] o.s.w.c.RestTemplate                     : HTTP GET http://localhost:8761/eureka/apps/delta
2026-02-24 06:39:21.849 DEBUG 875 --- [freshExecutor-0] o.s.w.c.RestTemplate                     : Accept=[application/json, application/*+json]
2026-02-24 06:39:21.852 DEBUG 875 --- [freshExecutor-0] o.s.w.c.RestTemplate                     : Response 200 OK
2026-02-24 06:39:21.853 DEBUG 875 --- [freshExecutor-0] o.s.w.c.RestTemplate                     : Reading to [org.springframework.cloud.netflix.eureka.http.EurekaApplications]
2026-02-24 06:39:26.360 DEBUG 875 --- [freshExecutor-0] o.s.w.c.RestTemplate                     : HTTP GET http://localhost:8761/eureka/apps/delta
2026-02-24 06:39:26.361 DEBUG 875 --- [freshExecutor-0] o.s.w.c.RestTemplate                     : Accept=[application/json, application/*+json]
2026-02-24 06:39:26.364 DEBUG 875 --- [freshExecutor-0] o.s.w.c.RestTemplate                     : Response 200 OK
2026-02-24 06:39:26.364 DEBUG 875 --- [freshExecutor-0] o.s.w.c.RestTemplate                     : Reading to [org.springframework.cloud.netflix.eureka.http.EurekaApplications]
2026-02-24 06:39:36.375 DEBUG 875 --- [freshExecutor-0] o.s.w.c.RestTemplate                     : HTTP GET http://localhost:8761/eureka/apps/delta
2026-02-24 06:39:36.376 DEBUG 875 --- [freshExecutor-0] o.s.w.c.RestTemplate                     : Accept=[application/json, application/*+json]
2026-02-24 06:39:36.379 DEBUG 875 --- [freshExecutor-0] o.s.w.c.RestTemplate                     : Response 200 OK
2026-02-24 06:39:36.379 DEBUG 875 --- [freshExecutor-0] o.s.w.c.RestTemplate                     : Reading to [org.springframework.cloud.netflix.eureka.http.EurekaApplications]
2026-02-24 06:39:35.863 DEBUG 875 --- [freshExecutor-0] o.s.w.c.RestTemplate                     : HTTP GET http://localhost:8761/eureka/apps/delta
2026-02-24 06:39:35.863 DEBUG 875 --- [freshExecutor-0] o.s.w.c.RestTemplate                     : Accept=[application/json, application/*+json]
2026-02-24 06:39:35.865 DEBUG 875 --- [freshExecutor-0] o.s.w.c.RestTemplate                     : Response 200 OK
2026-02-24 06:39:35.865 DEBUG 875 --- [freshExecutor-0] o.s.w.c.RestTemplate                     : Reading to [org.springframework.cloud.netflix.eureka.http.EurekaApplications]
2026-02-24 06:39:39.675 DEBUG 875 --- [tbeatExecutor-0] o.s.w.c.RestTemplate                     : HTTP PUT http://localhost:8761/eureka/apps/SIGNIN/carbosys-app:SIGNIN:18060?status=UP&lastDirtyTimestamp=1771914775677
2026-02-24 06:39:39.676 DEBUG 875 --- [tbeatExecutor-0] o.s.w.c.RestTemplate                     : Accept=[application/json, application/*+json]
2026-02-24 06:39:39.679 DEBUG 875 --- [tbeatExecutor-0] o.s.w.c.RestTemplate                     : Response 200 OK
2026-02-24 06:39:40.358 DEBUG 875 --- [freshExecutor-0] o.s.w.c.RestTemplate                     : HTTP GET http://localhost:8761/eureka/apps/delta
2026-02-24 06:39:40.358 DEBUG 875 --- [freshExecutor-0] o.s.w.c.RestTemplate                     : Accept=[application/json, application/*+json]
2026-02-24 06:39:40.362 DEBUG 875 --- [freshExecutor-0] o.s.w.c.RestTemplate                     : Response 200 OK
2026-02-24 06:39:40.362 DEBUG 875 --- [freshExecutor-0] o.s.w.c.RestTemplate                     : Reading to [org.springframework.cloud.netflix.eureka.http.EurekaApplications]
2026-02-24 06:39:44.873 DEBUG 875 --- [freshExecutor-0] o.s.w.c.RestTemplate                     : HTTP GET http://localhost:8761/eureka/apps/delta
2026-02-24 06:39:44.873 DEBUG 875 --- [freshExecutor-0] o.s.w.c.RestTemplate                     : Accept=[application/json, application/*+json]
2026-02-24 06:39:44.876 DEBUG 875 --- [freshExecutor-0] o.s.w.c.RestTemplate                     : Response 200 OK
2026-02-24 06:39:44.876 DEBUG 875 --- [freshExecutor-0] o.s.w.c.RestTemplate                     : Reading to [org.springframework.cloud.netflix.eureka.http.EurekaApplications]
2026-02-24 06:39:49.377 DEBUG 875 --- [freshExecutor-0] o.s.w.c.RestTemplate                     : HTTP GET http://localhost:8761/eureka/apps/delta
2026-02-24 06:39:49.377 DEBUG 875 --- [freshExecutor-0] o.s.w.c.RestTemplate                     : Accept=[application/json, application/*+json]
2026-02-24 06:39:49.380 DEBUG 875 --- [freshExecutor-0] o.s.w.c.RestTemplate                     : Response 200 OK
2026-02-24 06:39:49.380 DEBUG 875 --- [freshExecutor-0] o.s.w.c.RestTemplate                     : Reading to [org.springframework.cloud.netflix.eureka.http.EurekaApplications]
2026-02-24 06:39:53.887 DEBUG 875 --- [freshExecutor-0] o.s.w.c.RestTemplate                     : HTTP GET http://localhost:8761/eureka/apps/delta
2026-02-24 06:39:53.887 DEBUG 875 --- [freshExecutor-0] o.s.w.c.RestTemplate                     : Accept=[application/json, application/*+json]
2026-02-24 06:39:53.890 DEBUG 875 --- [freshExecutor-0] o.s.w.c.RestTemplate                     : Response 200 OK
2026-02-24 06:39:53.890 DEBUG 875 --- [freshExecutor-0] o.s.w.c.RestTemplate                     : Reading to [org.springframework.cloud.netflix.eureka.http.EurekaApplications]
2026-02-24 06:39:58.392 DEBUG 875 --- [freshExecutor-0] o.s.w.c.RestTemplate                     : HTTP GET http://localhost:8761/eureka/apps/delta
2026-02-24 06:39:58.392 DEBUG 875 --- [freshExecutor-0] o.s.w.c.RestTemplate                     : Accept=[application/json, application/*+json]
2026-02-24 06:39:58.396 DEBUG 875 --- [freshExecutor-0] o.s.w.c.RestTemplate                     : Response 200 OK
2026-02-24 06:39:58.396 DEBUG 875 --- [freshExecutor-0] o.s.w.c.RestTemplate                     : Reading to [org.springframework.cloud.netflix.eureka.http.EurekaApplications]
2026-02-24 06:40:02.903 DEBUG 875 --- [freshExecutor-0] o.s.w.c.RestTemplate                     : HTTP GET http://localhost:8761/eureka/apps/delta
2026-02-24 06:40:02.904 DEBUG 875 --- [freshExecutor-0] o.s.w.c.RestTemplate                     : Accept=[application/json, application/*+json]
2026-02-24 06:40:02.907 DEBUG 875 --- [freshExecutor-0] o.s.w.c.RestTemplate                     : Response 200 OK
2026-02-24 06:40:02.907 DEBUG 875 --- [freshExecutor-0] o.s.w.c.RestTemplate                     : Reading to [org.springframework.cloud.netflix.eureka.http.EurekaApplications]
2026-02-24 06:40:06.678 DEBUG 875 --- [tbeatExecutor-0] o.s.w.c.RestTemplate                     : HTTP PUT http://localhost:8761/eureka/apps/SIGNIN/carbosys-app:SIGNIN:18060?status=UP&lastDirtyTimestamp=1771914775677
2026-02-24 06:40:06.679 DEBUG 875 --- [tbeatExecutor-0] o.s.w.c.RestTemplate                     : Accept=[application/json, application/*+json]
2026-02-24 06:40:06.682 DEBUG 875 --- [tbeatExecutor-0] o.s.w.c.RestTemplate                     : Response 200 OK
2026-02-24 06:40:07.393 DEBUG 875 --- [freshExecutor-0] o.s.w.c.RestTemplate                     : HTTP GET http://localhost:8761/eureka/apps/delta
2026-02-24 06:40:07.393 DEBUG 875 --- [freshExecutor-0] o.s.w.c.RestTemplate                     : Accept=[application/json, application/*+json]
2026-02-24 06:40:07.397 DEBUG 875 --- [freshExecutor-0] o.s.w.c.RestTemplate                     : Response 200 OK
2026-02-24 06:40:07.397 DEBUG 875 --- [freshExecutor-0] o.s.w.c.RestTemplate                     : Reading to [org.springframework.cloud.netflix.eureka.http.EurekaApplications]
2026-02-24 06:40:11.899 DEBUG 875 --- [freshExecutor-0] o.s.w.c.RestTemplate                     : HTTP GET http://localhost:8761/eureka/apps/delta
2026-02-24 06:40:11.899 DEBUG 875 --- [freshExecutor-0] o.s.w.c.RestTemplate                     : Accept=[application/json, application/*+json]
2026-02-24 06:40:11.902 DEBUG 875 --- [freshExecutor-0] o.s.w.c.RestTemplate                     : Response 200 OK
2026-02-24 06:40:11.902 DEBUG 875 --- [freshExecutor-0] o.s.w.c.RestTemplate                     : Reading to [org.springframework.cloud.netflix.eureka.http.EurekaApplications]
2026-02-24 06:40:16.403 DEBUG 875 --- [freshExecutor-0] o.s.w.c.RestTemplate                     : HTTP GET http://localhost:8761/eureka/apps/delta
2026-02-24 06:40:16.403 DEBUG 875 --- [freshExecutor-0] o.s.w.c.RestTemplate                     : Accept=[application/json, application/*+json]
2026-02-24 06:40:16.407 DEBUG 875 --- [freshExecutor-0] o.s.w.c.RestTemplate                     : Response 200 OK
2026-02-24 06:40:16.407 DEBUG 875 --- [freshExecutor-0] o.s.w.c.RestTemplate                     : Reading to [org.springframework.cloud.netflix.eureka.http.EurekaApplications]
2026-02-24 06:40:26.433 DEBUG 875 --- [freshExecutor-0] o.s.w.c.RestTemplate                     : HTTP GET http://localhost:8761/eureka/apps/delta
2026-02-24 06:40:26.433 DEBUG 875 --- [freshExecutor-0] o.s.w.c.RestTemplate                     : Accept=[application/json, application/*+json]
2026-02-24 06:40:26.437 DEBUG 875 --- [freshExecutor-0] o.s.w.c.RestTemplate                     : Response 200 OK
2026-02-24 06:40:26.437 DEBUG 875 --- [freshExecutor-0] o.s.w.c.RestTemplate                     : Reading to [org.springframework.cloud.netflix.eureka.http.EurekaApplications]
2026-02-24 06:40:25.783 DEBUG 875 --- [freshExecutor-0] o.s.w.c.RestTemplate                     : HTTP GET http://localhost:8761/eureka/apps/delta
2026-02-24 06:40:25.784 DEBUG 875 --- [freshExecutor-0] o.s.w.c.RestTemplate                     : Accept=[application/json, application/*+json]
2026-02-24 06:40:25.786 DEBUG 875 --- [freshExecutor-0] o.s.w.c.RestTemplate                     : Response 200 OK
2026-02-24 06:40:25.787 DEBUG 875 --- [freshExecutor-0] o.s.w.c.RestTemplate                     : Reading to [org.springframework.cloud.netflix.eureka.http.EurekaApplications]
2026-02-24 06:40:30.426 DEBUG 875 --- [freshExecutor-0] o.s.w.c.RestTemplate                     : HTTP GET http://localhost:8761/eureka/apps/delta
2026-02-24 06:40:30.426 DEBUG 875 --- [freshExecutor-0] o.s.w.c.RestTemplate                     : Accept=[application/json, application/*+json]
2026-02-24 06:40:30.430 DEBUG 875 --- [freshExecutor-0] o.s.w.c.RestTemplate                     : Response 200 OK
2026-02-24 06:40:30.431 DEBUG 875 --- [freshExecutor-0] o.s.w.c.RestTemplate                     : Reading to [org.springframework.cloud.netflix.eureka.http.EurekaApplications]
2026-02-24 06:40:34.174 DEBUG 875 --- [tbeatExecutor-0] o.s.w.c.RestTemplate                     : HTTP PUT http://localhost:8761/eureka/apps/SIGNIN/carbosys-app:SIGNIN:18060?status=UP&lastDirtyTimestamp=1771914775677
2026-02-24 06:40:34.174 DEBUG 875 --- [tbeatExecutor-0] o.s.w.c.RestTemplate                     : Accept=[application/json, application/*+json]
2026-02-24 06:40:34.178 DEBUG 875 --- [tbeatExecutor-0] o.s.w.c.RestTemplate                     : Response 200 OK
2026-02-24 06:40:34.921 DEBUG 875 --- [freshExecutor-0] o.s.w.c.RestTemplate                     : HTTP GET http://localhost:8761/eureka/apps/delta
2026-02-24 06:40:34.921 DEBUG 875 --- [freshExecutor-0] o.s.w.c.RestTemplate                     : Accept=[application/json, application/*+json]
2026-02-24 06:40:34.924 DEBUG 875 --- [freshExecutor-0] o.s.w.c.RestTemplate                     : Response 200 OK
2026-02-24 06:40:34.924 DEBUG 875 --- [freshExecutor-0] o.s.w.c.RestTemplate                     : Reading to [org.springframework.cloud.netflix.eureka.http.EurekaApplications]
2026-02-24 06:40:39.452 DEBUG 875 --- [freshExecutor-0] o.s.w.c.RestTemplate                     : HTTP GET http://localhost:8761/eureka/apps/delta
2026-02-24 06:40:39.452 DEBUG 875 --- [freshExecutor-0] o.s.w.c.RestTemplate                     : Accept=[application/json, application/*+json]
2026-02-24 06:40:39.456 DEBUG 875 --- [freshExecutor-0] o.s.w.c.RestTemplate                     : Response 200 OK
2026-02-24 06:40:39.456 DEBUG 875 --- [freshExecutor-0] o.s.w.c.RestTemplate                     : Reading to [org.springframework.cloud.netflix.eureka.http.EurekaApplications]
2026-02-24 06:40:43.953 DEBUG 875 --- [freshExecutor-0] o.s.w.c.RestTemplate                     : HTTP GET http://localhost:8761/eureka/apps/delta
2026-02-24 06:40:43.953 DEBUG 875 --- [freshExecutor-0] o.s.w.c.RestTemplate                     : Accept=[application/json, application/*+json]
2026-02-24 06:40:43.956 DEBUG 875 --- [freshExecutor-0] o.s.w.c.RestTemplate                     : Response 200 OK
2026-02-24 06:40:43.956 DEBUG 875 --- [freshExecutor-0] o.s.w.c.RestTemplate                     : Reading to [org.springframework.cloud.netflix.eureka.http.EurekaApplications]
2026-02-24 06:40:48.448 DEBUG 875 --- [freshExecutor-0] o.s.w.c.RestTemplate                     : HTTP GET http://localhost:8761/eureka/apps/delta
2026-02-24 06:40:48.448 DEBUG 875 --- [freshExecutor-0] o.s.w.c.RestTemplate                     : Accept=[application/json, application/*+json]
2026-02-24 06:40:48.451 DEBUG 875 --- [freshExecutor-0] o.s.w.c.RestTemplate                     : Response 200 OK
2026-02-24 06:40:48.451 DEBUG 875 --- [freshExecutor-0] o.s.w.c.RestTemplate                     : Reading to [org.springframework.cloud.netflix.eureka.http.EurekaApplications]
2026-02-24 06:40:52.958 DEBUG 875 --- [freshExecutor-0] o.s.w.c.RestTemplate                     : HTTP GET http://localhost:8761/eureka/apps/delta
2026-02-24 06:40:52.958 DEBUG 875 --- [freshExecutor-0] o.s.w.c.RestTemplate                     : Accept=[application/json, application/*+json]
2026-02-24 06:40:52.960 DEBUG 875 --- [freshExecutor-0] o.s.w.c.RestTemplate                     : Response 200 OK
2026-02-24 06:40:52.960 DEBUG 875 --- [freshExecutor-0] o.s.w.c.RestTemplate                     : Reading to [org.springframework.cloud.netflix.eureka.http.EurekaApplications]
2026-02-24 06:40:57.470 DEBUG 875 --- [freshExecutor-0] o.s.w.c.RestTemplate                     : HTTP GET http://localhost:8761/eureka/apps/delta
2026-02-24 06:40:57.470 DEBUG 875 --- [freshExecutor-0] o.s.w.c.RestTemplate                     : Accept=[application/json, application/*+json]
2026-02-24 06:40:57.480 DEBUG 875 --- [freshExecutor-0] o.s.w.c.RestTemplate                     : Response 200 OK
2026-02-24 06:40:57.480 DEBUG 875 --- [freshExecutor-0] o.s.w.c.RestTemplate                     : Reading to [org.springframework.cloud.netflix.eureka.http.EurekaApplications]
2026-02-24 06:41:01.190 DEBUG 875 --- [tbeatExecutor-0] o.s.w.c.RestTemplate                     : HTTP PUT http://localhost:8761/eureka/apps/SIGNIN/carbosys-app:SIGNIN:18060?status=UP&lastDirtyTimestamp=1771914775677
2026-02-24 06:41:01.190 DEBUG 875 --- [tbeatExecutor-0] o.s.w.c.RestTemplate                     : Accept=[application/json, application/*+json]
2026-02-24 06:41:01.195 DEBUG 875 --- [tbeatExecutor-0] o.s.w.c.RestTemplate                     : Response 200 OK
2026-02-24 06:41:01.972 DEBUG 875 --- [freshExecutor-0] o.s.w.c.RestTemplate                     : HTTP GET http://localhost:8761/eureka/apps/delta
2026-02-24 06:41:01.972 DEBUG 875 --- [freshExecutor-0] o.s.w.c.RestTemplate                     : Accept=[application/json, application/*+json]
2026-02-24 06:41:01.975 DEBUG 875 --- [freshExecutor-0] o.s.w.c.RestTemplate                     : Response 200 OK
2026-02-24 06:41:01.975 DEBUG 875 --- [freshExecutor-0] o.s.w.c.RestTemplate                     : Reading to [org.springframework.cloud.netflix.eureka.http.EurekaApplications]
2026-02-24 06:41:06.482 DEBUG 875 --- [freshExecutor-0] o.s.w.c.RestTemplate                     : HTTP GET http://localhost:8761/eureka/apps/delta
2026-02-24 06:41:06.483 DEBUG 875 --- [freshExecutor-0] o.s.w.c.RestTemplate                     : Accept=[application/json, application/*+json]
2026-02-24 06:41:06.485 DEBUG 875 --- [freshExecutor-0] o.s.w.c.RestTemplate                     : Response 200 OK
2026-02-24 06:41:06.485 DEBUG 875 --- [freshExecutor-0] o.s.w.c.RestTemplate                     : Reading to [org.springframework.cloud.netflix.eureka.http.EurekaApplications]
2026-02-24 06:41:16.498 DEBUG 875 --- [freshExecutor-0] o.s.w.c.RestTemplate                     : HTTP GET http://localhost:8761/eureka/apps/delta
2026-02-24 06:41:16.498 DEBUG 875 --- [freshExecutor-0] o.s.w.c.RestTemplate                     : Accept=[application/json, application/*+json]
2026-02-24 06:41:16.501 DEBUG 875 --- [freshExecutor-0] o.s.w.c.RestTemplate                     : Response 200 OK
2026-02-24 06:41:16.501 DEBUG 875 --- [freshExecutor-0] o.s.w.c.RestTemplate                     : Reading to [org.springframework.cloud.netflix.eureka.http.EurekaApplications]
2026-02-24 06:41:15.981 DEBUG 875 --- [freshExecutor-0] o.s.w.c.RestTemplate                     : HTTP GET http://localhost:8761/eureka/apps/delta
2026-02-24 06:41:15.981 DEBUG 875 --- [freshExecutor-0] o.s.w.c.RestTemplate                     : Accept=[application/json, application/*+json]
2026-02-24 06:41:15.983 DEBUG 875 --- [freshExecutor-0] o.s.w.c.RestTemplate                     : Response 200 OK
2026-02-24 06:41:15.984 DEBUG 875 --- [freshExecutor-0] o.s.w.c.RestTemplate                     : Reading to [org.springframework.cloud.netflix.eureka.http.EurekaApplications]
2026-02-24 06:41:20.408 DEBUG 875 --- [freshExecutor-0] o.s.w.c.RestTemplate                     : HTTP GET http://localhost:8761/eureka/apps/delta
2026-02-24 06:41:20.409 DEBUG 875 --- [freshExecutor-0] o.s.w.c.RestTemplate                     : Accept=[application/json, application/*+json]
2026-02-24 06:41:20.412 DEBUG 875 --- [freshExecutor-0] o.s.w.c.RestTemplate                     : Response 200 OK
2026-02-24 06:41:20.412 DEBUG 875 --- [freshExecutor-0] o.s.w.c.RestTemplate                     : Reading to [org.springframework.cloud.netflix.eureka.http.EurekaApplications]
2026-02-24 06:41:24.984 DEBUG 875 --- [freshExecutor-0] o.s.w.c.RestTemplate                     : HTTP GET http://localhost:8761/eureka/apps/delta
2026-02-24 06:41:24.984 DEBUG 875 --- [freshExecutor-0] o.s.w.c.RestTemplate                     : Accept=[application/json, application/*+json]
2026-02-24 06:41:24.988 DEBUG 875 --- [freshExecutor-0] o.s.w.c.RestTemplate                     : Response 200 OK
2026-02-24 06:41:24.988 DEBUG 875 --- [freshExecutor-0] o.s.w.c.RestTemplate                     : Reading to [org.springframework.cloud.netflix.eureka.http.EurekaApplications]
2026-02-24 06:41:28.697 DEBUG 875 --- [tbeatExecutor-0] o.s.w.c.RestTemplate                     : HTTP PUT http://localhost:8761/eureka/apps/SIGNIN/carbosys-app:SIGNIN:18060?status=UP&lastDirtyTimestamp=1771914775677
2026-02-24 06:41:28.698 DEBUG 875 --- [tbeatExecutor-0] o.s.w.c.RestTemplate                     : Accept=[application/json, application/*+json]
2026-02-24 06:41:28.701 DEBUG 875 --- [tbeatExecutor-0] o.s.w.c.RestTemplate                     : Response 200 OK
2026-02-24 06:41:29.502 DEBUG 875 --- [freshExecutor-0] o.s.w.c.RestTemplate                     : HTTP GET http://localhost:8761/eureka/apps/delta
2026-02-24 06:41:29.502 DEBUG 875 --- [freshExecutor-0] o.s.w.c.RestTemplate                     : Accept=[application/json, application/*+json]
2026-02-24 06:41:29.506 DEBUG 875 --- [freshExecutor-0] o.s.w.c.RestTemplate                     : Response 200 OK
2026-02-24 06:41:29.507 DEBUG 875 --- [freshExecutor-0] o.s.w.c.RestTemplate                     : Reading to [org.springframework.cloud.netflix.eureka.http.EurekaApplications]
2026-02-24 06:41:34.009 DEBUG 875 --- [freshExecutor-0] o.s.w.c.RestTemplate                     : HTTP GET http://localhost:8761/eureka/apps/delta
2026-02-24 06:41:34.009 DEBUG 875 --- [freshExecutor-0] o.s.w.c.RestTemplate                     : Accept=[application/json, application/*+json]
2026-02-24 06:41:34.012 DEBUG 875 --- [freshExecutor-0] o.s.w.c.RestTemplate                     : Response 200 OK
2026-02-24 06:41:34.012 DEBUG 875 --- [freshExecutor-0] o.s.w.c.RestTemplate                     : Reading to [org.springframework.cloud.netflix.eureka.http.EurekaApplications]
2026-02-24 06:41:38.510 DEBUG 875 --- [freshExecutor-0] o.s.w.c.RestTemplate                     : HTTP GET http://localhost:8761/eureka/apps/delta
2026-02-24 06:41:38.511 DEBUG 875 --- [freshExecutor-0] o.s.w.c.RestTemplate                     : Accept=[application/json, application/*+json]
2026-02-24 06:41:38.515 DEBUG 875 --- [freshExecutor-0] o.s.w.c.RestTemplate                     : Response 200 OK
2026-02-24 06:41:38.515 DEBUG 875 --- [freshExecutor-0] o.s.w.c.RestTemplate                     : Reading to [org.springframework.cloud.netflix.eureka.http.EurekaApplications]
2026-02-24 06:41:43.010 DEBUG 875 --- [freshExecutor-0] o.s.w.c.RestTemplate                     : HTTP GET http://localhost:8761/eureka/apps/delta
2026-02-24 06:41:43.011 DEBUG 875 --- [freshExecutor-0] o.s.w.c.RestTemplate                     : Accept=[application/json, application/*+json]
2026-02-24 06:41:43.015 DEBUG 875 --- [freshExecutor-0] o.s.w.c.RestTemplate                     : Response 200 OK
2026-02-24 06:41:43.015 DEBUG 875 --- [freshExecutor-0] o.s.w.c.RestTemplate                     : Reading to [org.springframework.cloud.netflix.eureka.http.EurekaApplications]
2026-02-24 06:41:47.524 DEBUG 875 --- [freshExecutor-0] o.s.w.c.RestTemplate                     : HTTP GET http://localhost:8761/eureka/apps/delta
2026-02-24 06:41:47.524 DEBUG 875 --- [freshExecutor-0] o.s.w.c.RestTemplate                     : Accept=[application/json, application/*+json]
2026-02-24 06:41:47.527 DEBUG 875 --- [freshExecutor-0] o.s.w.c.RestTemplate                     : Response 200 OK
2026-02-24 06:41:47.527 DEBUG 875 --- [freshExecutor-0] o.s.w.c.RestTemplate                     : Reading to [org.springframework.cloud.netflix.eureka.http.EurekaApplications]
2026-02-24 06:41:52.031 DEBUG 875 --- [freshExecutor-0] o.s.w.c.RestTemplate                     : HTTP GET http://localhost:8761/eureka/apps/delta
2026-02-24 06:41:52.031 DEBUG 875 --- [freshExecutor-0] o.s.w.c.RestTemplate                     : Accept=[application/json, application/*+json]
2026-02-24 06:41:52.034 DEBUG 875 --- [freshExecutor-0] o.s.w.c.RestTemplate                     : Response 200 OK
2026-02-24 06:41:52.034 DEBUG 875 --- [freshExecutor-0] o.s.w.c.RestTemplate                     : Reading to [org.springframework.cloud.netflix.eureka.http.EurekaApplications]
2026-02-24 06:41:55.954  INFO 875 --- [trap-executor-0] c.n.d.s.r.a.ConfigClusterResolver        : Resolving eureka endpoints via configuration
2026-02-24 06:41:56.195 DEBUG 875 --- [tbeatExecutor-0] o.s.w.c.RestTemplate                     : HTTP PUT http://localhost:8761/eureka/apps/SIGNIN/carbosys-app:SIGNIN:18060?status=UP&lastDirtyTimestamp=1771914775677
2026-02-24 06:41:56.196 DEBUG 875 --- [tbeatExecutor-0] o.s.w.c.RestTemplate                     : Accept=[application/json, application/*+json]
2026-02-24 06:41:56.200 DEBUG 875 --- [tbeatExecutor-0] o.s.w.c.RestTemplate                     : Response 200 OK
2026-02-24 06:42:02.058 DEBUG 875 --- [freshExecutor-0] o.s.w.c.RestTemplate                     : HTTP GET http://localhost:8761/eureka/apps/delta
2026-02-24 06:42:02.058 DEBUG 875 --- [freshExecutor-0] o.s.w.c.RestTemplate                     : Accept=[application/json, application/*+json]
2026-02-24 06:42:02.073 DEBUG 875 --- [freshExecutor-0] o.s.w.c.RestTemplate                     : Response 200 OK
2026-02-24 06:42:02.073 DEBUG 875 --- [freshExecutor-0] o.s.w.c.RestTemplate                     : Reading to [org.springframework.cloud.netflix.eureka.http.EurekaApplications]
2026-02-24 06:42:07.079 DEBUG 875 --- [freshExecutor-0] o.s.w.c.RestTemplate                     : HTTP GET http://localhost:8761/eureka/apps/delta
2026-02-24 06:42:07.079 DEBUG 875 --- [freshExecutor-0] o.s.w.c.RestTemplate                     : Accept=[application/json, application/*+json]
2026-02-24 06:42:07.084 DEBUG 875 --- [freshExecutor-0] o.s.w.c.RestTemplate                     : Response 200 OK
2026-02-24 06:42:07.084 DEBUG 875 --- [freshExecutor-0] o.s.w.c.RestTemplate                     : Reading to [org.springframework.cloud.netflix.eureka.http.EurekaApplications]
2026-02-24 06:42:12.086 DEBUG 875 --- [freshExecutor-0] o.s.w.c.RestTemplate                     : HTTP GET http://localhost:8761/eureka/apps/delta
2026-02-24 06:42:12.086 DEBUG 875 --- [freshExecutor-0] o.s.w.c.RestTemplate                     : Accept=[application/json, application/*+json]
2026-02-24 06:42:12.098 DEBUG 875 --- [freshExecutor-0] o.s.w.c.RestTemplate                     : Response 200 OK
2026-02-24 06:42:12.098 DEBUG 875 --- [freshExecutor-0] o.s.w.c.RestTemplate                     : Reading to [org.springframework.cloud.netflix.eureka.http.EurekaApplications]
2026-02-24 06:42:10.192 DEBUG 875 --- [freshExecutor-0] o.s.w.c.RestTemplate                     : HTTP GET http://localhost:8761/eureka/apps/delta
2026-02-24 06:42:10.193 DEBUG 875 --- [freshExecutor-0] o.s.w.c.RestTemplate                     : Accept=[application/json, application/*+json]
2026-02-24 06:42:10.194 DEBUG 875 --- [freshExecutor-0] o.s.w.c.RestTemplate                     : Response 200 OK
2026-02-24 06:42:10.195 DEBUG 875 --- [freshExecutor-0] o.s.w.c.RestTemplate                     : Reading to [org.springframework.cloud.netflix.eureka.http.EurekaApplications]
2026-02-24 06:42:15.043 DEBUG 875 --- [freshExecutor-0] o.s.w.c.RestTemplate                     : HTTP GET http://localhost:8761/eureka/apps/delta
2026-02-24 06:42:15.043 DEBUG 875 --- [freshExecutor-0] o.s.w.c.RestTemplate                     : Accept=[application/json, application/*+json]
2026-02-24 06:42:15.047 DEBUG 875 --- [freshExecutor-0] o.s.w.c.RestTemplate                     : Response 200 OK
2026-02-24 06:42:15.048 DEBUG 875 --- [freshExecutor-0] o.s.w.c.RestTemplate                     : Reading to [org.springframework.cloud.netflix.eureka.http.EurekaApplications]
2026-02-24 06:42:19.598 DEBUG 875 --- [freshExecutor-0] o.s.w.c.RestTemplate                     : HTTP GET http://localhost:8761/eureka/apps/delta
2026-02-24 06:42:19.598 DEBUG 875 --- [freshExecutor-0] o.s.w.c.RestTemplate                     : Accept=[application/json, application/*+json]
2026-02-24 06:42:19.611 DEBUG 875 --- [freshExecutor-0] o.s.w.c.RestTemplate                     : Response 200 OK
2026-02-24 06:42:19.611 DEBUG 875 --- [freshExecutor-0] o.s.w.c.RestTemplate                     : Reading to [org.springframework.cloud.netflix.eureka.http.EurekaApplications]
2026-02-24 06:42:23.205 DEBUG 875 --- [tbeatExecutor-0] o.s.w.c.RestTemplate                     : HTTP PUT http://localhost:8761/eureka/apps/SIGNIN/carbosys-app:SIGNIN:18060?status=UP&lastDirtyTimestamp=1771914775677
2026-02-24 06:42:23.206 DEBUG 875 --- [tbeatExecutor-0] o.s.w.c.RestTemplate                     : Accept=[application/json, application/*+json]
2026-02-24 06:42:23.209 DEBUG 875 --- [tbeatExecutor-0] o.s.w.c.RestTemplate                     : Response 200 OK
2026-02-24 06:42:24.114 DEBUG 875 --- [freshExecutor-0] o.s.w.c.RestTemplate                     : HTTP GET http://localhost:8761/eureka/apps/delta
2026-02-24 06:42:24.114 DEBUG 875 --- [freshExecutor-0] o.s.w.c.RestTemplate                     : Accept=[application/json, application/*+json]
2026-02-24 06:42:24.116 DEBUG 875 --- [freshExecutor-0] o.s.w.c.RestTemplate                     : Response 200 OK
2026-02-24 06:42:24.116 DEBUG 875 --- [freshExecutor-0] o.s.w.c.RestTemplate                     : Reading to [org.springframework.cloud.netflix.eureka.http.EurekaApplications]
2026-02-24 06:42:28.623 DEBUG 875 --- [freshExecutor-0] o.s.w.c.RestTemplate                     : HTTP GET http://localhost:8761/eureka/apps/delta
2026-02-24 06:42:28.623 DEBUG 875 --- [freshExecutor-0] o.s.w.c.RestTemplate                     : Accept=[application/json, application/*+json]
2026-02-24 06:42:28.626 DEBUG 875 --- [freshExecutor-0] o.s.w.c.RestTemplate                     : Response 200 OK
2026-02-24 06:42:28.626 DEBUG 875 --- [freshExecutor-0] o.s.w.c.RestTemplate                     : Reading to [org.springframework.cloud.netflix.eureka.http.EurekaApplications]
2026-02-24 06:42:33.126 DEBUG 875 --- [freshExecutor-0] o.s.w.c.RestTemplate                     : HTTP GET http://localhost:8761/eureka/apps/delta
2026-02-24 06:42:33.126 DEBUG 875 --- [freshExecutor-0] o.s.w.c.RestTemplate                     : Accept=[application/json, application/*+json]
2026-02-24 06:42:33.129 DEBUG 875 --- [freshExecutor-0] o.s.w.c.RestTemplate                     : Response 200 OK
2026-02-24 06:42:33.129 DEBUG 875 --- [freshExecutor-0] o.s.w.c.RestTemplate                     : Reading to [org.springframework.cloud.netflix.eureka.http.EurekaApplications]
2026-02-24 06:42:37.616 DEBUG 875 --- [freshExecutor-0] o.s.w.c.RestTemplate                     : HTTP GET http://localhost:8761/eureka/apps/delta
2026-02-24 06:42:37.617 DEBUG 875 --- [freshExecutor-0] o.s.w.c.RestTemplate                     : Accept=[application/json, application/*+json]
2026-02-24 06:42:37.632 DEBUG 875 --- [freshExecutor-0] o.s.w.c.RestTemplate                     : Response 200 OK
2026-02-24 06:42:37.632 DEBUG 875 --- [freshExecutor-0] o.s.w.c.RestTemplate                     : Reading to [org.springframework.cloud.netflix.eureka.http.EurekaApplications]
2026-02-24 06:42:42.141 DEBUG 875 --- [freshExecutor-0] o.s.w.c.RestTemplate                     : HTTP GET http://localhost:8761/eureka/apps/delta
2026-02-24 06:42:42.141 DEBUG 875 --- [freshExecutor-0] o.s.w.c.RestTemplate                     : Accept=[application/json, application/*+json]
2026-02-24 06:42:42.144 DEBUG 875 --- [freshExecutor-0] o.s.w.c.RestTemplate                     : Response 200 OK
2026-02-24 06:42:42.144 DEBUG 875 --- [freshExecutor-0] o.s.w.c.RestTemplate                     : Reading to [org.springframework.cloud.netflix.eureka.http.EurekaApplications]
2026-02-24 06:42:46.649 DEBUG 875 --- [freshExecutor-0] o.s.w.c.RestTemplate                     : HTTP GET http://localhost:8761/eureka/apps/delta
2026-02-24 06:42:46.649 DEBUG 875 --- [freshExecutor-0] o.s.w.c.RestTemplate                     : Accept=[application/json, application/*+json]
2026-02-24 06:42:46.652 DEBUG 875 --- [freshExecutor-0] o.s.w.c.RestTemplate                     : Response 200 OK
2026-02-24 06:42:46.653 DEBUG 875 --- [freshExecutor-0] o.s.w.c.RestTemplate                     : Reading to [org.springframework.cloud.netflix.eureka.http.EurekaApplications]
2026-02-24 06:42:50.707 DEBUG 875 --- [tbeatExecutor-0] o.s.w.c.RestTemplate                     : HTTP PUT http://localhost:8761/eureka/apps/SIGNIN/carbosys-app:SIGNIN:18060?status=UP&lastDirtyTimestamp=1771914775677
2026-02-24 06:42:50.707 DEBUG 875 --- [tbeatExecutor-0] o.s.w.c.RestTemplate                     : Accept=[application/json, application/*+json]
2026-02-24 06:42:50.712 DEBUG 875 --- [tbeatExecutor-0] o.s.w.c.RestTemplate                     : Response 200 OK
2026-02-24 06:42:56.668 DEBUG 875 --- [freshExecutor-0] o.s.w.c.RestTemplate                     : HTTP GET http://localhost:8761/eureka/apps/delta
2026-02-24 06:42:56.668 DEBUG 875 --- [freshExecutor-0] o.s.w.c.RestTemplate                     : Accept=[application/json, application/*+json]
2026-02-24 06:42:56.671 DEBUG 875 --- [freshExecutor-0] o.s.w.c.RestTemplate                     : Response 200 OK
2026-02-24 06:42:56.671 DEBUG 875 --- [freshExecutor-0] o.s.w.c.RestTemplate                     : Reading to [org.springframework.cloud.netflix.eureka.http.EurekaApplications]
2026-02-24 06:42:56.144 DEBUG 875 --- [freshExecutor-0] o.s.w.c.RestTemplate                     : HTTP GET http://localhost:8761/eureka/apps/delta
2026-02-24 06:42:56.144 DEBUG 875 --- [freshExecutor-0] o.s.w.c.RestTemplate                     : Accept=[application/json, application/*+json]
2026-02-24 06:42:56.148 DEBUG 875 --- [freshExecutor-0] o.s.w.c.RestTemplate                     : Response 200 OK
2026-02-24 06:42:56.148 DEBUG 875 --- [freshExecutor-0] o.s.w.c.RestTemplate                     : Reading to [org.springframework.cloud.netflix.eureka.http.EurekaApplications]
2026-02-24 06:43:00.665 DEBUG 875 --- [freshExecutor-0] o.s.w.c.RestTemplate                     : HTTP GET http://localhost:8761/eureka/apps/delta
2026-02-24 06:43:00.666 DEBUG 875 --- [freshExecutor-0] o.s.w.c.RestTemplate                     : Accept=[application/json, application/*+json]
2026-02-24 06:43:00.673 DEBUG 875 --- [freshExecutor-0] o.s.w.c.RestTemplate                     : Response 200 OK
2026-02-24 06:43:00.673 DEBUG 875 --- [freshExecutor-0] o.s.w.c.RestTemplate                     : Reading to [org.springframework.cloud.netflix.eureka.http.EurekaApplications]
2026-02-24 06:43:05.175 DEBUG 875 --- [freshExecutor-0] o.s.w.c.RestTemplate                     : HTTP GET http://localhost:8761/eureka/apps/delta
2026-02-24 06:43:05.175 DEBUG 875 --- [freshExecutor-0] o.s.w.c.RestTemplate                     : Accept=[application/json, application/*+json]
2026-02-24 06:43:05.178 DEBUG 875 --- [freshExecutor-0] o.s.w.c.RestTemplate                     : Response 200 OK
2026-02-24 06:43:05.178 DEBUG 875 --- [freshExecutor-0] o.s.w.c.RestTemplate                     : Reading to [org.springframework.cloud.netflix.eureka.http.EurekaApplications]
2026-02-24 06:43:09.685 DEBUG 875 --- [freshExecutor-0] o.s.w.c.RestTemplate                     : HTTP GET http://localhost:8761/eureka/apps/delta
2026-02-24 06:43:09.685 DEBUG 875 --- [freshExecutor-0] o.s.w.c.RestTemplate                     : Accept=[application/json, application/*+json]
2026-02-24 06:43:09.693 DEBUG 875 --- [freshExecutor-0] o.s.w.c.RestTemplate                     : Response 200 OK
2026-02-24 06:43:09.693 DEBUG 875 --- [freshExecutor-0] o.s.w.c.RestTemplate                     : Reading to [org.springframework.cloud.netflix.eureka.http.EurekaApplications]
2026-02-24 06:43:14.170 DEBUG 875 --- [freshExecutor-0] o.s.w.c.RestTemplate                     : HTTP GET http://localhost:8761/eureka/apps/delta
2026-02-24 06:43:14.170 DEBUG 875 --- [freshExecutor-0] o.s.w.c.RestTemplate                     : Accept=[application/json, application/*+json]
2026-02-24 06:43:14.173 DEBUG 875 --- [freshExecutor-0] o.s.w.c.RestTemplate                     : Response 200 OK
2026-02-24 06:43:14.173 DEBUG 875 --- [freshExecutor-0] o.s.w.c.RestTemplate                     : Reading to [org.springframework.cloud.netflix.eureka.http.EurekaApplications]
2026-02-24 06:43:17.695 DEBUG 875 --- [tbeatExecutor-0] o.s.w.c.RestTemplate                     : HTTP PUT http://localhost:8761/eureka/apps/SIGNIN/carbosys-app:SIGNIN:18060?status=UP&lastDirtyTimestamp=1771914775677
2026-02-24 06:43:17.696 DEBUG 875 --- [tbeatExecutor-0] o.s.w.c.RestTemplate                     : Accept=[application/json, application/*+json]
2026-02-24 06:43:17.699 DEBUG 875 --- [tbeatExecutor-0] o.s.w.c.RestTemplate                     : Response 200 OK
2026-02-24 06:43:18.681 DEBUG 875 --- [freshExecutor-0] o.s.w.c.RestTemplate                     : HTTP GET http://localhost:8761/eureka/apps/delta
2026-02-24 06:43:18.681 DEBUG 875 --- [freshExecutor-0] o.s.w.c.RestTemplate                     : Accept=[application/json, application/*+json]
2026-02-24 06:43:18.686 DEBUG 875 --- [freshExecutor-0] o.s.w.c.RestTemplate                     : Response 200 OK
2026-02-24 06:43:18.686 DEBUG 875 --- [freshExecutor-0] o.s.w.c.RestTemplate                     : Reading to [org.springframework.cloud.netflix.eureka.http.EurekaApplications]
2026-02-24 06:43:23.202 DEBUG 875 --- [freshExecutor-0] o.s.w.c.RestTemplate                     : HTTP GET http://localhost:8761/eureka/apps/delta
2026-02-24 06:43:23.203 DEBUG 875 --- [freshExecutor-0] o.s.w.c.RestTemplate                     : Accept=[application/json, application/*+json]
2026-02-24 06:43:23.206 DEBUG 875 --- [freshExecutor-0] o.s.w.c.RestTemplate                     : Response 200 OK
2026-02-24 06:43:23.206 DEBUG 875 --- [freshExecutor-0] o.s.w.c.RestTemplate                     : Reading to [org.springframework.cloud.netflix.eureka.http.EurekaApplications]
2026-02-24 06:43:27.714 DEBUG 875 --- [freshExecutor-0] o.s.w.c.RestTemplate                     : HTTP GET http://localhost:8761/eureka/apps/delta
2026-02-24 06:43:27.714 DEBUG 875 --- [freshExecutor-0] o.s.w.c.RestTemplate                     : Accept=[application/json, application/*+json]
2026-02-24 06:43:27.717 DEBUG 875 --- [freshExecutor-0] o.s.w.c.RestTemplate                     : Response 200 OK
2026-02-24 06:43:27.717 DEBUG 875 --- [freshExecutor-0] o.s.w.c.RestTemplate                     : Reading to [org.springframework.cloud.netflix.eureka.http.EurekaApplications]
2026-02-24 06:43:32.208 DEBUG 875 --- [freshExecutor-0] o.s.w.c.RestTemplate                     : HTTP GET http://localhost:8761/eureka/apps/delta
2026-02-24 06:43:32.208 DEBUG 875 --- [freshExecutor-0] o.s.w.c.RestTemplate                     : Accept=[application/json, application/*+json]
2026-02-24 06:43:32.211 DEBUG 875 --- [freshExecutor-0] o.s.w.c.RestTemplate                     : Response 200 OK
2026-02-24 06:43:32.211 DEBUG 875 --- [freshExecutor-0] o.s.w.c.RestTemplate                     : Reading to [org.springframework.cloud.netflix.eureka.http.EurekaApplications]
2026-02-24 06:43:36.712 DEBUG 875 --- [freshExecutor-0] o.s.w.c.RestTemplate                     : HTTP GET http://localhost:8761/eureka/apps/delta
2026-02-24 06:43:36.712 DEBUG 875 --- [freshExecutor-0] o.s.w.c.RestTemplate                     : Accept=[application/json, application/*+json]
2026-02-24 06:43:36.725 DEBUG 875 --- [freshExecutor-0] o.s.w.c.RestTemplate                     : Response 200 OK
2026-02-24 06:43:36.725 DEBUG 875 --- [freshExecutor-0] o.s.w.c.RestTemplate                     : Reading to [org.springframework.cloud.netflix.eureka.http.EurekaApplications]
2026-02-24 06:43:46.742 DEBUG 875 --- [freshExecutor-0] o.s.w.c.RestTemplate                     : HTTP GET http://localhost:8761/eureka/apps/delta
2026-02-24 06:43:46.743 DEBUG 875 --- [freshExecutor-0] o.s.w.c.RestTemplate                     : Accept=[application/json, application/*+json]
2026-02-24 06:43:46.745 DEBUG 875 --- [freshExecutor-0] o.s.w.c.RestTemplate                     : Response 200 OK
2026-02-24 06:43:46.745 DEBUG 875 --- [freshExecutor-0] o.s.w.c.RestTemplate                     : Reading to [org.springframework.cloud.netflix.eureka.http.EurekaApplications]
2026-02-24 06:43:45.218 DEBUG 875 --- [tbeatExecutor-0] o.s.w.c.RestTemplate                     : HTTP PUT http://localhost:8761/eureka/apps/SIGNIN/carbosys-app:SIGNIN:18060?status=UP&lastDirtyTimestamp=1771914775677
2026-02-24 06:43:45.218 DEBUG 875 --- [tbeatExecutor-0] o.s.w.c.RestTemplate                     : Accept=[application/json, application/*+json]
2026-02-24 06:43:45.223 DEBUG 875 --- [tbeatExecutor-0] o.s.w.c.RestTemplate                     : Response 200 OK
2026-02-24 06:43:46.238 DEBUG 875 --- [freshExecutor-0] o.s.w.c.RestTemplate                     : HTTP GET http://localhost:8761/eureka/apps/delta
2026-02-24 06:43:46.239 DEBUG 875 --- [freshExecutor-0] o.s.w.c.RestTemplate                     : Accept=[application/json, application/*+json]
2026-02-24 06:43:46.240 DEBUG 875 --- [freshExecutor-0] o.s.w.c.RestTemplate                     : Response 200 OK
2026-02-24 06:43:46.240 DEBUG 875 --- [freshExecutor-0] o.s.w.c.RestTemplate                     : Reading to [org.springframework.cloud.netflix.eureka.http.EurekaApplications]
2026-02-24 06:43:50.734 DEBUG 875 --- [freshExecutor-0] o.s.w.c.RestTemplate                     : HTTP GET http://localhost:8761/eureka/apps/delta
2026-02-24 06:43:50.734 DEBUG 875 --- [freshExecutor-0] o.s.w.c.RestTemplate                     : Accept=[application/json, application/*+json]
2026-02-24 06:43:50.748 DEBUG 875 --- [freshExecutor-0] o.s.w.c.RestTemplate                     : Response 200 OK
2026-02-24 06:43:50.748 DEBUG 875 --- [freshExecutor-0] o.s.w.c.RestTemplate                     : Reading to [org.springframework.cloud.netflix.eureka.http.EurekaApplications]
2026-02-24 06:43:55.247 DEBUG 875 --- [freshExecutor-0] o.s.w.c.RestTemplate                     : HTTP GET http://localhost:8761/eureka/apps/delta
2026-02-24 06:43:55.247 DEBUG 875 --- [freshExecutor-0] o.s.w.c.RestTemplate                     : Accept=[application/json, application/*+json]
2026-02-24 06:43:55.250 DEBUG 875 --- [freshExecutor-0] o.s.w.c.RestTemplate                     : Response 200 OK
2026-02-24 06:43:55.250 DEBUG 875 --- [freshExecutor-0] o.s.w.c.RestTemplate                     : Reading to [org.springframework.cloud.netflix.eureka.http.EurekaApplications]
2026-02-24 06:43:59.746 DEBUG 875 --- [freshExecutor-0] o.s.w.c.RestTemplate                     : HTTP GET http://localhost:8761/eureka/apps/delta
2026-02-24 06:43:59.746 DEBUG 875 --- [freshExecutor-0] o.s.w.c.RestTemplate                     : Accept=[application/json, application/*+json]
2026-02-24 06:43:59.749 DEBUG 875 --- [freshExecutor-0] o.s.w.c.RestTemplate                     : Response 200 OK
2026-02-24 06:43:59.749 DEBUG 875 --- [freshExecutor-0] o.s.w.c.RestTemplate                     : Reading to [org.springframework.cloud.netflix.eureka.http.EurekaApplications]
2026-02-24 06:44:04.254 DEBUG 875 --- [freshExecutor-0] o.s.w.c.RestTemplate                     : HTTP GET http://localhost:8761/eureka/apps/delta
2026-02-24 06:44:04.254 DEBUG 875 --- [freshExecutor-0] o.s.w.c.RestTemplate                     : Accept=[application/json, application/*+json]
2026-02-24 06:44:04.266 DEBUG 875 --- [freshExecutor-0] o.s.w.c.RestTemplate                     : Response 200 OK
2026-02-24 06:44:04.266 DEBUG 875 --- [freshExecutor-0] o.s.w.c.RestTemplate                     : Reading to [org.springframework.cloud.netflix.eureka.http.EurekaApplications]
2026-02-24 06:44:08.766 DEBUG 875 --- [freshExecutor-0] o.s.w.c.RestTemplate                     : HTTP GET http://localhost:8761/eureka/apps/delta
2026-02-24 06:44:08.767 DEBUG 875 --- [freshExecutor-0] o.s.w.c.RestTemplate                     : Accept=[application/json, application/*+json]
2026-02-24 06:44:08.770 DEBUG 875 --- [freshExecutor-0] o.s.w.c.RestTemplate                     : Response 200 OK
2026-02-24 06:44:08.770 DEBUG 875 --- [freshExecutor-0] o.s.w.c.RestTemplate                     : Reading to [org.springframework.cloud.netflix.eureka.http.EurekaApplications]
2026-02-24 06:44:12.221 DEBUG 875 --- [tbeatExecutor-0] o.s.w.c.RestTemplate                     : HTTP PUT http://localhost:8761/eureka/apps/SIGNIN/carbosys-app:SIGNIN:18060?status=UP&lastDirtyTimestamp=1771914775677
2026-02-24 06:44:12.222 DEBUG 875 --- [tbeatExecutor-0] o.s.w.c.RestTemplate                     : Accept=[application/json, application/*+json]
2026-02-24 06:44:12.224 DEBUG 875 --- [tbeatExecutor-0] o.s.w.c.RestTemplate                     : Response 200 OK
2026-02-24 06:44:13.283 DEBUG 875 --- [freshExecutor-0] o.s.w.c.RestTemplate                     : HTTP GET http://localhost:8761/eureka/apps/delta
2026-02-24 06:44:13.283 DEBUG 875 --- [freshExecutor-0] o.s.w.c.RestTemplate                     : Accept=[application/json, application/*+json]
2026-02-24 06:44:13.295 DEBUG 875 --- [freshExecutor-0] o.s.w.c.RestTemplate                     : Response 200 OK
2026-02-24 06:44:13.295 DEBUG 875 --- [freshExecutor-0] o.s.w.c.RestTemplate                     : Reading to [org.springframework.cloud.netflix.eureka.http.EurekaApplications]
2026-02-24 06:44:17.795 DEBUG 875 --- [freshExecutor-0] o.s.w.c.RestTemplate                     : HTTP GET http://localhost:8761/eureka/apps/delta
2026-02-24 06:44:17.796 DEBUG 875 --- [freshExecutor-0] o.s.w.c.RestTemplate                     : Accept=[application/json, application/*+json]
2026-02-24 06:44:17.799 DEBUG 875 --- [freshExecutor-0] o.s.w.c.RestTemplate                     : Response 200 OK
2026-02-24 06:44:17.799 DEBUG 875 --- [freshExecutor-0] o.s.w.c.RestTemplate                     : Reading to [org.springframework.cloud.netflix.eureka.http.EurekaApplications]
2026-02-24 06:44:22.286 DEBUG 875 --- [freshExecutor-0] o.s.w.c.RestTemplate                     : HTTP GET http://localhost:8761/eureka/apps/delta
2026-02-24 06:44:22.287 DEBUG 875 --- [freshExecutor-0] o.s.w.c.RestTemplate                     : Accept=[application/json, application/*+json]
2026-02-24 06:44:22.290 DEBUG 875 --- [freshExecutor-0] o.s.w.c.RestTemplate                     : Response 200 OK
2026-02-24 06:44:22.290 DEBUG 875 --- [freshExecutor-0] o.s.w.c.RestTemplate                     : Reading to [org.springframework.cloud.netflix.eureka.http.EurekaApplications]
2026-02-24 06:44:26.790 DEBUG 875 --- [freshExecutor-0] o.s.w.c.RestTemplate                     : HTTP GET http://localhost:8761/eureka/apps/delta
2026-02-24 06:44:26.790 DEBUG 875 --- [freshExecutor-0] o.s.w.c.RestTemplate                     : Accept=[application/json, application/*+json]
2026-02-24 06:44:26.803 DEBUG 875 --- [freshExecutor-0] o.s.w.c.RestTemplate                     : Response 200 OK
2026-02-24 06:44:26.803 DEBUG 875 --- [freshExecutor-0] o.s.w.c.RestTemplate                     : Reading to [org.springframework.cloud.netflix.eureka.http.EurekaApplications]
2026-02-24 06:44:36.824 DEBUG 875 --- [freshExecutor-0] o.s.w.c.RestTemplate                     : HTTP GET http://localhost:8761/eureka/apps/delta
2026-02-24 06:44:36.824 DEBUG 875 --- [freshExecutor-0] o.s.w.c.RestTemplate                     : Accept=[application/json, application/*+json]
2026-02-24 06:44:36.826 DEBUG 875 --- [freshExecutor-0] o.s.w.c.RestTemplate                     : Response 200 OK
2026-02-24 06:44:36.827 DEBUG 875 --- [freshExecutor-0] o.s.w.c.RestTemplate                     : Reading to [org.springframework.cloud.netflix.eureka.http.EurekaApplications]
2026-02-24 06:44:36.324 DEBUG 875 --- [freshExecutor-0] o.s.w.c.RestTemplate                     : HTTP GET http://localhost:8761/eureka/apps/delta
2026-02-24 06:44:36.324 DEBUG 875 --- [freshExecutor-0] o.s.w.c.RestTemplate                     : Accept=[application/json, application/*+json]
2026-02-24 06:44:36.333 DEBUG 875 --- [freshExecutor-0] o.s.w.c.RestTemplate                     : Response 200 OK
2026-02-24 06:44:36.333 DEBUG 875 --- [freshExecutor-0] o.s.w.c.RestTemplate                     : Reading to [org.springframework.cloud.netflix.eureka.http.EurekaApplications]
2026-02-24 06:44:39.717 DEBUG 875 --- [tbeatExecutor-0] o.s.w.c.RestTemplate                     : HTTP PUT http://localhost:8761/eureka/apps/SIGNIN/carbosys-app:SIGNIN:18060?status=UP&lastDirtyTimestamp=1771914775677
2026-02-24 06:44:39.717 DEBUG 875 --- [tbeatExecutor-0] o.s.w.c.RestTemplate                     : Accept=[application/json, application/*+json]
2026-02-24 06:44:39.720 DEBUG 875 --- [tbeatExecutor-0] o.s.w.c.RestTemplate                     : Response 200 OK
2026-02-24 06:44:40.828 DEBUG 875 --- [freshExecutor-0] o.s.w.c.RestTemplate                     : HTTP GET http://localhost:8761/eureka/apps/delta
2026-02-24 06:44:40.829 DEBUG 875 --- [freshExecutor-0] o.s.w.c.RestTemplate                     : Accept=[application/json, application/*+json]
2026-02-24 06:44:40.841 DEBUG 875 --- [freshExecutor-0] o.s.w.c.RestTemplate                     : Response 200 OK
2026-02-24 06:44:40.841 DEBUG 875 --- [freshExecutor-0] o.s.w.c.RestTemplate                     : Reading to [org.springframework.cloud.netflix.eureka.http.EurekaApplications]
2026-02-24 06:44:45.333 DEBUG 875 --- [freshExecutor-0] o.s.w.c.RestTemplate                     : HTTP GET http://localhost:8761/eureka/apps/delta
2026-02-24 06:44:45.334 DEBUG 875 --- [freshExecutor-0] o.s.w.c.RestTemplate                     : Accept=[application/json, application/*+json]
2026-02-24 06:44:45.336 DEBUG 875 --- [freshExecutor-0] o.s.w.c.RestTemplate                     : Response 200 OK
2026-02-24 06:44:45.336 DEBUG 875 --- [freshExecutor-0] o.s.w.c.RestTemplate                     : Reading to [org.springframework.cloud.netflix.eureka.http.EurekaApplications]
2026-02-24 06:44:49.845 DEBUG 875 --- [freshExecutor-0] o.s.w.c.RestTemplate                     : HTTP GET http://localhost:8761/eureka/apps/delta
2026-02-24 06:44:49.845 DEBUG 875 --- [freshExecutor-0] o.s.w.c.RestTemplate                     : Accept=[application/json, application/*+json]
2026-02-24 06:44:49.850 DEBUG 875 --- [freshExecutor-0] o.s.w.c.RestTemplate                     : Response 200 OK
2026-02-24 06:44:49.850 DEBUG 875 --- [freshExecutor-0] o.s.w.c.RestTemplate                     : Reading to [org.springframework.cloud.netflix.eureka.http.EurekaApplications]
2026-02-24 06:44:54.361 DEBUG 875 --- [freshExecutor-0] o.s.w.c.RestTemplate                     : HTTP GET http://localhost:8761/eureka/apps/delta
2026-02-24 06:44:54.361 DEBUG 875 --- [freshExecutor-0] o.s.w.c.RestTemplate                     : Accept=[application/json, application/*+json]
2026-02-24 06:44:54.363 DEBUG 875 --- [freshExecutor-0] o.s.w.c.RestTemplate                     : Response 200 OK
2026-02-24 06:44:54.363 DEBUG 875 --- [freshExecutor-0] o.s.w.c.RestTemplate                     : Reading to [org.springframework.cloud.netflix.eureka.http.EurekaApplications]
2026-02-24 06:44:58.859 DEBUG 875 --- [freshExecutor-0] o.s.w.c.RestTemplate                     : HTTP GET http://localhost:8761/eureka/apps/delta
2026-02-24 06:44:58.859 DEBUG 875 --- [freshExecutor-0] o.s.w.c.RestTemplate                     : Accept=[application/json, application/*+json]
2026-02-24 06:44:58.868 DEBUG 875 --- [freshExecutor-0] o.s.w.c.RestTemplate                     : Response 200 OK
2026-02-24 06:44:58.868 DEBUG 875 --- [freshExecutor-0] o.s.w.c.RestTemplate                     : Reading to [org.springframework.cloud.netflix.eureka.http.EurekaApplications]
2026-02-24 06:45:03.369 DEBUG 875 --- [freshExecutor-0] o.s.w.c.RestTemplate                     : HTTP GET http://localhost:8761/eureka/apps/delta
2026-02-24 06:45:03.369 DEBUG 875 --- [freshExecutor-0] o.s.w.c.RestTemplate                     : Accept=[application/json, application/*+json]
2026-02-24 06:45:03.381 DEBUG 875 --- [freshExecutor-0] o.s.w.c.RestTemplate                     : Response 200 OK
2026-02-24 06:45:03.381 DEBUG 875 --- [freshExecutor-0] o.s.w.c.RestTemplate                     : Reading to [org.springframework.cloud.netflix.eureka.http.EurekaApplications]
2026-02-24 06:45:06.708 DEBUG 875 --- [tbeatExecutor-0] o.s.w.c.RestTemplate                     : HTTP PUT http://localhost:8761/eureka/apps/SIGNIN/carbosys-app:SIGNIN:18060?status=UP&lastDirtyTimestamp=1771914775677
2026-02-24 06:45:06.709 DEBUG 875 --- [tbeatExecutor-0] o.s.w.c.RestTemplate                     : Accept=[application/json, application/*+json]
2026-02-24 06:45:06.713 DEBUG 875 --- [tbeatExecutor-0] o.s.w.c.RestTemplate                     : Response 200 OK
2026-02-24 06:45:07.879 DEBUG 875 --- [freshExecutor-0] o.s.w.c.RestTemplate                     : HTTP GET http://localhost:8761/eureka/apps/delta
2026-02-24 06:45:07.879 DEBUG 875 --- [freshExecutor-0] o.s.w.c.RestTemplate                     : Accept=[application/json, application/*+json]
2026-02-24 06:45:07.882 DEBUG 875 --- [freshExecutor-0] o.s.w.c.RestTemplate                     : Response 200 OK
2026-02-24 06:45:07.882 DEBUG 875 --- [freshExecutor-0] o.s.w.c.RestTemplate                     : Reading to [org.springframework.cloud.netflix.eureka.http.EurekaApplications]
2026-02-24 06:45:12.382 DEBUG 875 --- [freshExecutor-0] o.s.w.c.RestTemplate                     : HTTP GET http://localhost:8761/eureka/apps/delta
2026-02-24 06:45:12.383 DEBUG 875 --- [freshExecutor-0] o.s.w.c.RestTemplate                     : Accept=[application/json, application/*+json]
2026-02-24 06:45:12.386 DEBUG 875 --- [freshExecutor-0] o.s.w.c.RestTemplate                     : Response 200 OK
2026-02-24 06:45:12.387 DEBUG 875 --- [freshExecutor-0] o.s.w.c.RestTemplate                     : Reading to [org.springframework.cloud.netflix.eureka.http.EurekaApplications]
2026-02-24 06:45:16.885 DEBUG 875 --- [freshExecutor-0] o.s.w.c.RestTemplate                     : HTTP GET http://localhost:8761/eureka/apps/delta
2026-02-24 06:45:16.885 DEBUG 875 --- [freshExecutor-0] o.s.w.c.RestTemplate                     : Accept=[application/json, application/*+json]
2026-02-24 06:45:16.891 DEBUG 875 --- [freshExecutor-0] o.s.w.c.RestTemplate                     : Response 200 OK
2026-02-24 06:45:16.891 DEBUG 875 --- [freshExecutor-0] o.s.w.c.RestTemplate                     : Reading to [org.springframework.cloud.netflix.eureka.http.EurekaApplications]
2026-02-24 06:45:26.916 DEBUG 875 --- [freshExecutor-0] o.s.w.c.RestTemplate                     : HTTP GET http://localhost:8761/eureka/apps/delta
2026-02-24 06:45:26.916 DEBUG 875 --- [freshExecutor-0] o.s.w.c.RestTemplate                     : Accept=[application/json, application/*+json]
2026-02-24 06:45:26.919 DEBUG 875 --- [freshExecutor-0] o.s.w.c.RestTemplate                     : Response 200 OK
2026-02-24 06:45:26.919 DEBUG 875 --- [freshExecutor-0] o.s.w.c.RestTemplate                     : Reading to [org.springframework.cloud.netflix.eureka.http.EurekaApplications]
