[[1;34mINFO[m] Scanning for projects...
[[1;34mINFO[m] 
[[1;34mINFO[m] [1m--------------------< [0;36megovframework:EgovAdminLogin[0;1m >--------------------[m
[[1;34mINFO[m] [1mBuilding EgovAdminLogin 1.0.0[m
[[1;34mINFO[m] [1m--------------------------------[ jar ]---------------------------------[m
[[1;34mINFO[m] 
[[1;34mINFO[m] [1m>>> [0;32mspring-boot-maven-plugin:2.7.18:run[m [1m(default-cli)[0;1m > [0;1mtest-compile[m @ [36mEgovAdminLogin[0;1m >>>[m
[[1;34mINFO[m] 
[[1;34mINFO[m] [1m--- [0;32mapt-maven-plugin:1.1.3:process[m [1m(default)[m @ [36mEgovAdminLogin[0;1m ---[m
[[1;34mINFO[m] 
[[1;34mINFO[m] [1m--- [0;32mmaven-resources-plugin:3.2.0:resources[m [1m(default-resources)[m @ [36mEgovAdminLogin[0;1m ---[m
[[1;34mINFO[m] Using 'UTF-8' encoding to copy filtered resources.
[[1;34mINFO[m] Using 'UTF-8' encoding to copy filtered properties files.
[[1;34mINFO[m] Copying 1 resource
[[1;34mINFO[m] Copying 597 resources
[[1;34mINFO[m] 
[[1;34mINFO[m] [1m--- [0;32mmaven-compiler-plugin:3.10.1:compile[m [1m(default-compile)[m @ [36mEgovAdminLogin[0;1m ---[m
[[1;34mINFO[m] Changes detected - recompiling the module!
[[1;34mINFO[m] Compiling 38 source files to /opt/carbosys/EgovAdminLogin/target/classes
[[1;34mINFO[m] 
[[1;34mINFO[m] [1m--- [0;32mmaven-resources-plugin:3.2.0:testResources[m [1m(default-testResources)[m @ [36mEgovAdminLogin[0;1m ---[m
[[1;34mINFO[m] Using 'UTF-8' encoding to copy filtered resources.
[[1;34mINFO[m] Using 'UTF-8' encoding to copy filtered properties files.
[[1;34mINFO[m] skip non existing resourceDirectory /opt/carbosys/EgovAdminLogin/src/test/resources
[[1;34mINFO[m] 
[[1;34mINFO[m] [1m--- [0;32mmaven-compiler-plugin:3.10.1:testCompile[m [1m(default-testCompile)[m @ [36mEgovAdminLogin[0;1m ---[m
[[1;34mINFO[m] No sources to compile
[[1;34mINFO[m] 
[[1;34mINFO[m] [1m<<< [0;32mspring-boot-maven-plugin:2.7.18:run[m [1m(default-cli)[0;1m < [0;1mtest-compile[m @ [36mEgovAdminLogin[0;1m <<<[m
[[1;34mINFO[m] 
[[1;34mINFO[m] 
[[1;34mINFO[m] [1m--- [0;32mspring-boot-maven-plugin:2.7.18:run[m [1m(default-cli)[m @ [36mEgovAdminLogin[0;1m ---[m
[[1;34mINFO[m] Attaching agents: []

  .   ____          _            __ _ _
 /\\ / ___'_ __ _ _(_)_ __  __ _ \ \ \ \
( ( )\___ | '_ | '_| | '_ \/ _` | \ \ \ \
 \\/  ___)| |_)| | | | | || (_| |  ) ) ) )
  '  |____| .__|_| |_|_| |_\__, | / / / /
 =========|_|==============|___/=/_/_/_/
 :: Spring Boot ::               (v2.7.18)

2026-02-23 15:28:45.307  INFO 104726 --- [           main] e.c.EgovAdminLoginApplication            : Starting EgovAdminLoginApplication using Java 17.0.18 on DESKTOP-040GL2H with PID 104726 (/opt/carbosys/EgovAdminLogin/target/classes started by root in /opt/carbosys/EgovAdminLogin)
2026-02-23 15:28:45.309 DEBUG 104726 --- [           main] e.c.EgovAdminLoginApplication            : Running with Spring Boot v2.7.18, Spring v5.3.37
2026-02-23 15:28:45.310  INFO 104726 --- [           main] e.c.EgovAdminLoginApplication            : The following 1 profile is active: "local"
2026-02-23 15:28:45.328  INFO 104726 --- [           main] o.s.c.c.c.ConfigServerConfigDataLoader   : Fetching config from server at : http://localhost:8888
2026-02-23 15:28:45.328  INFO 104726 --- [           main] o.s.c.c.c.ConfigServerConfigDataLoader   : Located environment: name=EgovAdminLogin, profiles=[default], label=null, version=null, state=null
2026-02-23 15:28:45.329  INFO 104726 --- [           main] o.s.c.c.c.ConfigServerConfigDataLoader   : Fetching config from server at : http://localhost:8888
2026-02-23 15:28:45.329  INFO 104726 --- [           main] o.s.c.c.c.ConfigServerConfigDataLoader   : Located environment: name=EgovAdminLogin, profiles=[local], label=null, version=null, state=null
2026-02-23 15:28:45.788  INFO 104726 --- [           main] .s.d.r.c.RepositoryConfigurationDelegate : Bootstrapping Spring Data JPA repositories in DEFAULT mode.
2026-02-23 15:28:45.857  INFO 104726 --- [           main] .s.d.r.c.RepositoryConfigurationDelegate : Finished Spring Data repository scanning in 64 ms. Found 4 JPA repository interfaces.
2026-02-23 15:28:45.986  INFO 104726 --- [           main] o.s.c.c.s.GenericScope                   : BeanFactory id=e11dea98-f382-36e0-bcc7-7855647a1b09
2026-02-23 15:28:46.135  INFO 104726 --- [           main] trationDelegate$BeanPostProcessorChecker : Bean 'org.springframework.cloud.client.loadbalancer.reactive.LoadBalancerBeanPostProcessorAutoConfiguration' of type [org.springframework.cloud.client.loadbalancer.reactive.LoadBalancerBeanPostProcessorAutoConfiguration] is not eligible for getting processed by all BeanPostProcessors (for example: not eligible for auto-proxying)
2026-02-23 15:28:46.135  INFO 104726 --- [           main] trationDelegate$BeanPostProcessorChecker : Bean 'org.springframework.cloud.client.loadbalancer.reactive.LoadBalancerBeanPostProcessorAutoConfiguration$ReactorDeferringLoadBalancerFilterConfig' of type [org.springframework.cloud.client.loadbalancer.reactive.LoadBalancerBeanPostProcessorAutoConfiguration$ReactorDeferringLoadBalancerFilterConfig] is not eligible for getting processed by all BeanPostProcessors (for example: not eligible for auto-proxying)
2026-02-23 15:28:46.136  INFO 104726 --- [           main] trationDelegate$BeanPostProcessorChecker : Bean 'reactorDeferringLoadBalancerExchangeFilterFunction' of type [org.springframework.cloud.client.loadbalancer.reactive.DeferringLoadBalancerExchangeFilterFunction] is not eligible for getting processed by all BeanPostProcessors (for example: not eligible for auto-proxying)
2026-02-23 15:28:46.230  INFO 104726 --- [           main] o.s.b.w.e.t.TomcatWebServer              : Tomcat initialized with port(s): 0 (http)
Feb 23, 2026 3:28:46 PM org.apache.coyote.AbstractProtocol init
INFO: Initializing ProtocolHandler ["http-nio-auto-1"]
Feb 23, 2026 3:28:46 PM org.apache.catalina.core.StandardService startInternal
INFO: Starting service [Tomcat]
Feb 23, 2026 3:28:46 PM org.apache.catalina.core.StandardEngine startInternal
INFO: Starting Servlet engine: [Apache Tomcat/9.0.83]
Feb 23, 2026 3:28:46 PM org.apache.catalina.core.ApplicationContext log
INFO: Initializing Spring embedded WebApplicationContext
2026-02-23 15:28:46.311  INFO 104726 --- [           main] w.s.c.ServletWebServerApplicationContext : Root WebApplicationContext: initialization completed in 981 ms
2026-02-23 15:28:46.351  INFO 104726 --- [           main] c.z.h.HikariDataSource                   : HikariPool-1 - Starting...
2026-02-23 15:28:46.370  INFO 104726 --- [           main] c.z.h.p.PoolBase                         : HikariPool-1 - Driver does not support get/set network timeout for connections. (java.lang.UnsupportedOperationException)
2026-02-23 15:28:46.373  INFO 104726 --- [           main] c.z.h.HikariDataSource                   : HikariPool-1 - Start completed.
2026-02-23 15:28:46.493  INFO 104726 --- [           main] o.e.b.s.u.j.EgovJdbcUserDetailsManager   : No authentication manager set. Reauthentication of users when changing passwords will not be performed.
2026-02-23 15:28:46.493  INFO 104726 --- [           main] o.e.b.s.u.j.EgovJdbcUserDetailsManager   : ### EgovJdbcUserDetailsManager.initMappingSqlQueries >>> query : SELECT USER_ID, PASSWORD, 'TRUE' AS ENABLED FROM COMVNUSERMASTER WHERE USER_ID = ?
}
2026-02-23 15:28:46.493  INFO 104726 --- [           main] o.e.b.s.u.j.EgovJdbcUserDetailsManager   : ### EgovJdbcUserDetailsManager.initMappingSqlQueries >>> Mapping Class : org.egovframe.boot.security.userdetails.DefaultMapUserDetailsMapping
2026-02-23 15:28:46.527 DEBUG 104726 --- [           main] e.c.f.AuthorizeFilter                    : Filter 'authorizeFilter' configured for use
2026-02-23 15:28:46.560  INFO 104726 --- [           main] o.h.j.i.u.LogHelper                      : HHH000204: Processing PersistenceUnitInfo [name: default]
2026-02-23 15:28:46.598  INFO 104726 --- [           main] o.h.Version                              : HHH000412: Hibernate ORM core version 5.6.15.Final
2026-02-23 15:28:46.697  INFO 104726 --- [           main] o.h.a.c.Version                          : HCANN000001: Hibernate Commons Annotations {5.1.2.Final}
2026-02-23 15:28:46.796  INFO 104726 --- [           main] o.h.d.Dialect                            : HHH000400: Using dialect: org.hibernate.dialect.CUBRIDDialect
2026-02-23 15:28:46.807  INFO 104726 --- [           main] o.h.o.beans                              : HHH10005002: No explicit CDI BeanManager reference was passed to Hibernate, but CDI is available on the Hibernate ClassLoader.
2026-02-23 15:28:47.110  INFO 104726 --- [           main] o.h.e.t.j.p.i.JtaPlatformInitiator       : HHH000490: Using JtaPlatform implementation: [org.hibernate.engine.transaction.jta.platform.internal.NoJtaPlatform]
2026-02-23 15:28:47.115  INFO 104726 --- [           main] j.LocalContainerEntityManagerFactoryBean : Initialized JPA EntityManagerFactory for persistence unit 'default'
2026-02-23 15:28:47.493  INFO 104726 --- [           main] o.s.s.w.DefaultSecurityFilterChain       : Will secure any request with [org.springframework.security.web.session.DisableEncodeUrlFilter@648639f1, org.springframework.security.web.context.request.async.WebAsyncManagerIntegrationFilter@210e971e, org.springframework.security.web.context.SecurityContextPersistenceFilter@38bce2ed, org.springframework.security.web.header.HeaderWriterFilter@68ecc60e, org.springframework.security.web.authentication.logout.LogoutFilter@369958b0, org.springframework.security.web.session.ConcurrentSessionFilter@56a09a5c, org.springframework.security.web.authentication.www.BasicAuthenticationFilter@4ab1ff80, org.springframework.security.web.savedrequest.RequestCacheAwareFilter@38fc2c39, org.springframework.security.web.servletapi.SecurityContextHolderAwareRequestFilter@41fbe8c0, org.springframework.security.web.authentication.AnonymousAuthenticationFilter@1b9785aa, org.springframework.security.web.session.SessionManagementFilter@40949bb0, org.springframework.security.web.access.ExceptionTranslationFilter@5ec75178, org.springframework.security.web.access.intercept.FilterSecurityInterceptor@76d1f6ea, org.springframework.security.web.access.intercept.FilterSecurityInterceptor@65b17373]
2026-02-23 15:28:47.556 DEBUG 104726 --- [           main] s.w.s.m.m.a.RequestMappingHandlerAdapter : ControllerAdvice beans: 0 @ModelAttribute, 0 @InitBinder, 1 RequestBodyAdvice, 1 ResponseBodyAdvice
2026-02-23 15:28:47.597 DEBUG 104726 --- [           main] s.w.s.m.m.a.RequestMappingHandlerMapping : 15 mappings in 'requestMappingHandlerMapping'
2026-02-23 15:28:47.607 DEBUG 104726 --- [           main] o.s.w.s.h.SimpleUrlHandlerMapping        : Patterns [/webjars/**, /**, /admin/login/**] in 'resourceHandlerMapping'
2026-02-23 15:28:47.610 DEBUG 104726 --- [           main] .m.m.a.ExceptionHandlerExceptionResolver : ControllerAdvice beans: 0 @ExceptionHandler, 1 ResponseBodyAdvice
2026-02-23 15:28:47.750  INFO 104726 --- [           main] DiscoveryClientOptionalArgsConfiguration : Eureka HTTP Client uses RestTemplate.
2026-02-23 15:28:47.784  WARN 104726 --- [           main] iguration$LoadBalancerCaffeineWarnLogger : Spring Cloud LoadBalancer is currently working with the default cache. While this cache implementation is useful for development and tests, it's recommended to use Caffeine cache in production.You can switch to using Caffeine cache, by adding it and org.springframework.cache.caffeine.CaffeineCacheManager to the classpath.
2026-02-23 15:28:47.787  INFO 104726 --- [           main] o.s.b.a.e.w.EndpointLinksResolver        : Exposing 2 endpoint(s) beneath base path '/actuator'
Feb 23, 2026 3:28:47 PM org.apache.coyote.AbstractProtocol start
INFO: Starting ProtocolHandler ["http-nio-auto-1"]
2026-02-23 15:28:47.808  INFO 104726 --- [           main] o.s.b.w.e.t.TomcatWebServer              : Tomcat started on port(s): 41391 (http) with context path ''
2026-02-23 15:28:47.809  INFO 104726 --- [           main] .s.c.n.e.s.EurekaAutoServiceRegistration : Updating port to 41391
2026-02-23 15:28:47.811  INFO 104726 --- [           main] o.s.c.n.e.InstanceInfoFactory            : Setting initial instance status as: STARTING
2026-02-23 15:28:47.828  INFO 104726 --- [           main] c.n.d.DiscoveryClient                    : Initializing Eureka in region us-east-1
2026-02-23 15:28:47.830  INFO 104726 --- [           main] c.n.d.s.r.a.ConfigClusterResolver        : Resolving eureka endpoints via configuration
2026-02-23 15:28:47.841  INFO 104726 --- [           main] c.n.d.DiscoveryClient                    : Disable delta property : false
2026-02-23 15:28:47.841  INFO 104726 --- [           main] c.n.d.DiscoveryClient                    : Single vip registry refresh property : null
2026-02-23 15:28:47.841  INFO 104726 --- [           main] c.n.d.DiscoveryClient                    : Force full registry fetch : false
2026-02-23 15:28:47.841  INFO 104726 --- [           main] c.n.d.DiscoveryClient                    : Application is null : false
2026-02-23 15:28:47.841  INFO 104726 --- [           main] c.n.d.DiscoveryClient                    : Registered Applications size is zero : true
2026-02-23 15:28:47.842  INFO 104726 --- [           main] c.n.d.DiscoveryClient                    : Application version is -1: true
2026-02-23 15:28:47.842  INFO 104726 --- [           main] c.n.d.DiscoveryClient                    : Getting all instance registry info from the eureka server
2026-02-23 15:28:47.913 DEBUG 104726 --- [           main] o.s.w.c.RestTemplate                     : HTTP GET http://localhost:8761/eureka/apps/
2026-02-23 15:28:47.934 DEBUG 104726 --- [           main] o.s.w.c.RestTemplate                     : Accept=[application/json, application/*+json]
2026-02-23 15:28:47.952 DEBUG 104726 --- [           main] o.s.w.c.RestTemplate                     : Response 200 OK
2026-02-23 15:28:47.953 DEBUG 104726 --- [           main] o.s.w.c.RestTemplate                     : Reading to [org.springframework.cloud.netflix.eureka.http.EurekaApplications]
2026-02-23 15:28:47.957  INFO 104726 --- [           main] c.n.d.DiscoveryClient                    : The response status is 200
2026-02-23 15:28:47.958  INFO 104726 --- [           main] c.n.d.DiscoveryClient                    : Starting heartbeat executor: renew interval is: 30
2026-02-23 15:28:47.960  INFO 104726 --- [           main] c.n.d.InstanceInfoReplicator             : InstanceInfoReplicator onDemand update allowed rate per min is 4
2026-02-23 15:28:47.963  INFO 104726 --- [           main] c.n.d.DiscoveryClient                    : Discovery Client initialized at timestamp 1771828127963 with initial instances count: 3
2026-02-23 15:28:47.964  INFO 104726 --- [           main] o.s.c.n.e.s.EurekaServiceRegistry        : Registering application EGOVADMINLOGIN with eureka with status UP
2026-02-23 15:28:47.964  INFO 104726 --- [           main] c.n.d.DiscoveryClient                    : Saw local status change event StatusChangeEvent [timestamp=1771828127964, current=UP, previous=STARTING]
2026-02-23 15:28:47.965  INFO 104726 --- [nfoReplicator-0] c.n.d.DiscoveryClient                    : DiscoveryClient_EGOVADMINLOGIN/10.255.255.254:EgovAdminLogin:0: registering service...
2026-02-23 15:28:47.967 DEBUG 104726 --- [nfoReplicator-0] o.s.w.c.RestTemplate                     : HTTP POST http://localhost:8761/eureka/apps/EGOVADMINLOGIN
2026-02-23 15:28:47.968 DEBUG 104726 --- [nfoReplicator-0] o.s.w.c.RestTemplate                     : Accept=[application/json, application/*+json]
2026-02-23 15:28:47.975 DEBUG 104726 --- [nfoReplicator-0] o.s.w.c.RestTemplate                     : Writing [InstanceInfo [instanceId = 10.255.255.254:EgovAdminLogin:0, appName = EGOVADMINLOGIN, hostName = 10.255.255.254, status = UP, ipAddr = 10.255.255.254, port = 41391, securePort = 443, dataCenterInfo = com.netflix.appinfo.MyDataCenterInfo@7a2d676e] as "application/json"
2026-02-23 15:28:47.984  INFO 104726 --- [           main] e.c.EgovAdminLoginApplication            : Started EgovAdminLoginApplication in 3.109 seconds (JVM running for 3.475)
2026-02-23 15:28:47.987 DEBUG 104726 --- [nfoReplicator-0] o.s.w.c.RestTemplate                     : Response 204 NO_CONTENT
2026-02-23 15:28:47.988  INFO 104726 --- [nfoReplicator-0] c.n.d.DiscoveryClient                    : DiscoveryClient_EGOVADMINLOGIN/10.255.255.254:EgovAdminLogin:0 - registration status: 204
2026-02-23 15:28:52.961 DEBUG 104726 --- [freshExecutor-0] o.s.w.c.RestTemplate                     : HTTP GET http://localhost:8761/eureka/apps/delta
2026-02-23 15:28:52.961 DEBUG 104726 --- [freshExecutor-0] o.s.w.c.RestTemplate                     : Accept=[application/json, application/*+json]
2026-02-23 15:28:52.964 DEBUG 104726 --- [freshExecutor-0] o.s.w.c.RestTemplate                     : Response 200 OK
2026-02-23 15:28:52.964 DEBUG 104726 --- [freshExecutor-0] o.s.w.c.RestTemplate                     : Reading to [org.springframework.cloud.netflix.eureka.http.EurekaApplications]
2026-02-23 15:28:57.967 DEBUG 104726 --- [freshExecutor-0] o.s.w.c.RestTemplate                     : HTTP GET http://localhost:8761/eureka/apps/delta
2026-02-23 15:28:57.967 DEBUG 104726 --- [freshExecutor-0] o.s.w.c.RestTemplate                     : Accept=[application/json, application/*+json]
2026-02-23 15:28:57.970 DEBUG 104726 --- [freshExecutor-0] o.s.w.c.RestTemplate                     : Response 200 OK
2026-02-23 15:28:57.970 DEBUG 104726 --- [freshExecutor-0] o.s.w.c.RestTemplate                     : Reading to [org.springframework.cloud.netflix.eureka.http.EurekaApplications]
2026-02-23 15:29:02.971 DEBUG 104726 --- [freshExecutor-0] o.s.w.c.RestTemplate                     : HTTP GET http://localhost:8761/eureka/apps/delta
2026-02-23 15:29:02.971 DEBUG 104726 --- [freshExecutor-0] o.s.w.c.RestTemplate                     : Accept=[application/json, application/*+json]
2026-02-23 15:29:02.974 DEBUG 104726 --- [freshExecutor-0] o.s.w.c.RestTemplate                     : Response 200 OK
2026-02-23 15:29:02.974 DEBUG 104726 --- [freshExecutor-0] o.s.w.c.RestTemplate                     : Reading to [org.springframework.cloud.netflix.eureka.http.EurekaApplications]
2026-02-23 15:29:05.672 DEBUG 104726 --- [freshExecutor-0] o.s.w.c.RestTemplate                     : HTTP GET http://localhost:8761/eureka/apps/delta
2026-02-23 15:29:05.673 DEBUG 104726 --- [freshExecutor-0] o.s.w.c.RestTemplate                     : Accept=[application/json, application/*+json]
2026-02-23 15:29:05.675 DEBUG 104726 --- [freshExecutor-0] o.s.w.c.RestTemplate                     : Response 200 OK
2026-02-23 15:29:05.676 DEBUG 104726 --- [freshExecutor-0] o.s.w.c.RestTemplate                     : Reading to [org.springframework.cloud.netflix.eureka.http.EurekaApplications]
2026-02-23 15:29:10.678 DEBUG 104726 --- [freshExecutor-0] o.s.w.c.RestTemplate                     : HTTP GET http://localhost:8761/eureka/apps/delta
2026-02-23 15:29:10.679 DEBUG 104726 --- [freshExecutor-0] o.s.w.c.RestTemplate                     : Accept=[application/json, application/*+json]
2026-02-23 15:29:10.682 DEBUG 104726 --- [freshExecutor-0] o.s.w.c.RestTemplate                     : Response 200 OK
2026-02-23 15:29:10.682 DEBUG 104726 --- [freshExecutor-0] o.s.w.c.RestTemplate                     : Reading to [org.springframework.cloud.netflix.eureka.http.EurekaApplications]
2026-02-23 15:29:15.658 DEBUG 104726 --- [tbeatExecutor-0] o.s.w.c.RestTemplate                     : HTTP PUT http://localhost:8761/eureka/apps/EGOVADMINLOGIN/10.255.255.254:EgovAdminLogin:0?status=UP&lastDirtyTimestamp=1771828127964
2026-02-23 15:29:15.663 DEBUG 104726 --- [tbeatExecutor-0] o.s.w.c.RestTemplate                     : Accept=[application/json, application/*+json]
2026-02-23 15:29:15.666 DEBUG 104726 --- [tbeatExecutor-0] o.s.w.c.RestTemplate                     : Response 200 OK
2026-02-23 15:29:15.683 DEBUG 104726 --- [freshExecutor-0] o.s.w.c.RestTemplate                     : HTTP GET http://localhost:8761/eureka/apps/delta
2026-02-23 15:29:15.683 DEBUG 104726 --- [freshExecutor-0] o.s.w.c.RestTemplate                     : Accept=[application/json, application/*+json]
2026-02-23 15:29:15.685 DEBUG 104726 --- [freshExecutor-0] o.s.w.c.RestTemplate                     : Response 200 OK
2026-02-23 15:29:15.685 DEBUG 104726 --- [freshExecutor-0] o.s.w.c.RestTemplate                     : Reading to [org.springframework.cloud.netflix.eureka.http.EurekaApplications]
2026-02-23 15:29:20.689 DEBUG 104726 --- [freshExecutor-0] o.s.w.c.RestTemplate                     : HTTP GET http://localhost:8761/eureka/apps/delta
2026-02-23 15:29:20.689 DEBUG 104726 --- [freshExecutor-0] o.s.w.c.RestTemplate                     : Accept=[application/json, application/*+json]
2026-02-23 15:29:20.692 DEBUG 104726 --- [freshExecutor-0] o.s.w.c.RestTemplate                     : Response 200 OK
2026-02-23 15:29:20.692 DEBUG 104726 --- [freshExecutor-0] o.s.w.c.RestTemplate                     : Reading to [org.springframework.cloud.netflix.eureka.http.EurekaApplications]
2026-02-23 15:29:25.694 DEBUG 104726 --- [freshExecutor-0] o.s.w.c.RestTemplate                     : HTTP GET http://localhost:8761/eureka/apps/delta
2026-02-23 15:29:25.695 DEBUG 104726 --- [freshExecutor-0] o.s.w.c.RestTemplate                     : Accept=[application/json, application/*+json]
2026-02-23 15:29:25.697 DEBUG 104726 --- [freshExecutor-0] o.s.w.c.RestTemplate                     : Response 200 OK
2026-02-23 15:29:25.698 DEBUG 104726 --- [freshExecutor-0] o.s.w.c.RestTemplate                     : Reading to [org.springframework.cloud.netflix.eureka.http.EurekaApplications]
2026-02-23 15:29:30.700 DEBUG 104726 --- [freshExecutor-0] o.s.w.c.RestTemplate                     : HTTP GET http://localhost:8761/eureka/apps/delta
2026-02-23 15:29:30.700 DEBUG 104726 --- [freshExecutor-0] o.s.w.c.RestTemplate                     : Accept=[application/json, application/*+json]
2026-02-23 15:29:30.703 DEBUG 104726 --- [freshExecutor-0] o.s.w.c.RestTemplate                     : Response 200 OK
2026-02-23 15:29:30.703 DEBUG 104726 --- [freshExecutor-0] o.s.w.c.RestTemplate                     : Reading to [org.springframework.cloud.netflix.eureka.http.EurekaApplications]
2026-02-23 15:29:33.396 DEBUG 104726 --- [freshExecutor-0] o.s.w.c.RestTemplate                     : HTTP GET http://localhost:8761/eureka/apps/delta
2026-02-23 15:29:33.396 DEBUG 104726 --- [freshExecutor-0] o.s.w.c.RestTemplate                     : Accept=[application/json, application/*+json]
2026-02-23 15:29:33.399 DEBUG 104726 --- [freshExecutor-0] o.s.w.c.RestTemplate                     : Response 200 OK
2026-02-23 15:29:33.399 DEBUG 104726 --- [freshExecutor-0] o.s.w.c.RestTemplate                     : Reading to [org.springframework.cloud.netflix.eureka.http.EurekaApplications]
2026-02-23 15:29:38.401 DEBUG 104726 --- [freshExecutor-0] o.s.w.c.RestTemplate                     : HTTP GET http://localhost:8761/eureka/apps/delta
2026-02-23 15:29:38.401 DEBUG 104726 --- [freshExecutor-0] o.s.w.c.RestTemplate                     : Accept=[application/json, application/*+json]
2026-02-23 15:29:38.404 DEBUG 104726 --- [freshExecutor-0] o.s.w.c.RestTemplate                     : Response 200 OK
2026-02-23 15:29:38.404 DEBUG 104726 --- [freshExecutor-0] o.s.w.c.RestTemplate                     : Reading to [org.springframework.cloud.netflix.eureka.http.EurekaApplications]
2026-02-23 15:29:43.356 DEBUG 104726 --- [tbeatExecutor-0] o.s.w.c.RestTemplate                     : HTTP PUT http://localhost:8761/eureka/apps/EGOVADMINLOGIN/10.255.255.254:EgovAdminLogin:0?status=UP&lastDirtyTimestamp=1771828127964
2026-02-23 15:29:43.357 DEBUG 104726 --- [tbeatExecutor-0] o.s.w.c.RestTemplate                     : Accept=[application/json, application/*+json]
2026-02-23 15:29:43.361 DEBUG 104726 --- [tbeatExecutor-0] o.s.w.c.RestTemplate                     : Response 200 OK
2026-02-23 15:29:43.407 DEBUG 104726 --- [freshExecutor-0] o.s.w.c.RestTemplate                     : HTTP GET http://localhost:8761/eureka/apps/delta
2026-02-23 15:29:43.407 DEBUG 104726 --- [freshExecutor-0] o.s.w.c.RestTemplate                     : Accept=[application/json, application/*+json]
2026-02-23 15:29:43.410 DEBUG 104726 --- [freshExecutor-0] o.s.w.c.RestTemplate                     : Response 200 OK
2026-02-23 15:29:43.410 DEBUG 104726 --- [freshExecutor-0] o.s.w.c.RestTemplate                     : Reading to [org.springframework.cloud.netflix.eureka.http.EurekaApplications]
2026-02-23 15:29:48.413 DEBUG 104726 --- [freshExecutor-0] o.s.w.c.RestTemplate                     : HTTP GET http://localhost:8761/eureka/apps/delta
2026-02-23 15:29:48.413 DEBUG 104726 --- [freshExecutor-0] o.s.w.c.RestTemplate                     : Accept=[application/json, application/*+json]
2026-02-23 15:29:48.416 DEBUG 104726 --- [freshExecutor-0] o.s.w.c.RestTemplate                     : Response 200 OK
2026-02-23 15:29:48.416 DEBUG 104726 --- [freshExecutor-0] o.s.w.c.RestTemplate                     : Reading to [org.springframework.cloud.netflix.eureka.http.EurekaApplications]
2026-02-23 15:29:53.418 DEBUG 104726 --- [freshExecutor-0] o.s.w.c.RestTemplate                     : HTTP GET http://localhost:8761/eureka/apps/delta
2026-02-23 15:29:53.418 DEBUG 104726 --- [freshExecutor-0] o.s.w.c.RestTemplate                     : Accept=[application/json, application/*+json]
2026-02-23 15:29:53.421 DEBUG 104726 --- [freshExecutor-0] o.s.w.c.RestTemplate                     : Response 200 OK
2026-02-23 15:29:53.421 DEBUG 104726 --- [freshExecutor-0] o.s.w.c.RestTemplate                     : Reading to [org.springframework.cloud.netflix.eureka.http.EurekaApplications]
2026-02-23 15:29:58.424 DEBUG 104726 --- [freshExecutor-0] o.s.w.c.RestTemplate                     : HTTP GET http://localhost:8761/eureka/apps/delta
2026-02-23 15:29:58.424 DEBUG 104726 --- [freshExecutor-0] o.s.w.c.RestTemplate                     : Accept=[application/json, application/*+json]
2026-02-23 15:29:58.426 DEBUG 104726 --- [freshExecutor-0] o.s.w.c.RestTemplate                     : Response 200 OK
2026-02-23 15:29:58.427 DEBUG 104726 --- [freshExecutor-0] o.s.w.c.RestTemplate                     : Reading to [org.springframework.cloud.netflix.eureka.http.EurekaApplications]
2026-02-23 15:30:01.122 DEBUG 104726 --- [freshExecutor-0] o.s.w.c.RestTemplate                     : HTTP GET http://localhost:8761/eureka/apps/delta
2026-02-23 15:30:01.123 DEBUG 104726 --- [freshExecutor-0] o.s.w.c.RestTemplate                     : Accept=[application/json, application/*+json]
2026-02-23 15:30:01.125 DEBUG 104726 --- [freshExecutor-0] o.s.w.c.RestTemplate                     : Response 200 OK
2026-02-23 15:30:01.125 DEBUG 104726 --- [freshExecutor-0] o.s.w.c.RestTemplate                     : Reading to [org.springframework.cloud.netflix.eureka.http.EurekaApplications]
2026-02-23 15:30:06.130 DEBUG 104726 --- [freshExecutor-0] o.s.w.c.RestTemplate                     : HTTP GET http://localhost:8761/eureka/apps/delta
2026-02-23 15:30:06.130 DEBUG 104726 --- [freshExecutor-0] o.s.w.c.RestTemplate                     : Accept=[application/json, application/*+json]
2026-02-23 15:30:06.132 DEBUG 104726 --- [freshExecutor-0] o.s.w.c.RestTemplate                     : Response 200 OK
2026-02-23 15:30:06.133 DEBUG 104726 --- [freshExecutor-0] o.s.w.c.RestTemplate                     : Reading to [org.springframework.cloud.netflix.eureka.http.EurekaApplications]
2026-02-23 15:30:11.056 DEBUG 104726 --- [tbeatExecutor-0] o.s.w.c.RestTemplate                     : HTTP PUT http://localhost:8761/eureka/apps/EGOVADMINLOGIN/10.255.255.254:EgovAdminLogin:0?status=UP&lastDirtyTimestamp=1771828127964
2026-02-23 15:30:11.056 DEBUG 104726 --- [tbeatExecutor-0] o.s.w.c.RestTemplate                     : Accept=[application/json, application/*+json]
2026-02-23 15:30:11.059 DEBUG 104726 --- [tbeatExecutor-0] o.s.w.c.RestTemplate                     : Response 200 OK
2026-02-23 15:30:11.134 DEBUG 104726 --- [freshExecutor-0] o.s.w.c.RestTemplate                     : HTTP GET http://localhost:8761/eureka/apps/delta
2026-02-23 15:30:11.134 DEBUG 104726 --- [freshExecutor-0] o.s.w.c.RestTemplate                     : Accept=[application/json, application/*+json]
2026-02-23 15:30:11.136 DEBUG 104726 --- [freshExecutor-0] o.s.w.c.RestTemplate                     : Response 200 OK
2026-02-23 15:30:11.137 DEBUG 104726 --- [freshExecutor-0] o.s.w.c.RestTemplate                     : Reading to [org.springframework.cloud.netflix.eureka.http.EurekaApplications]
2026-02-23 15:30:16.138 DEBUG 104726 --- [freshExecutor-0] o.s.w.c.RestTemplate                     : HTTP GET http://localhost:8761/eureka/apps/delta
2026-02-23 15:30:16.138 DEBUG 104726 --- [freshExecutor-0] o.s.w.c.RestTemplate                     : Accept=[application/json, application/*+json]
2026-02-23 15:30:16.141 DEBUG 104726 --- [freshExecutor-0] o.s.w.c.RestTemplate                     : Response 200 OK
2026-02-23 15:30:16.141 DEBUG 104726 --- [freshExecutor-0] o.s.w.c.RestTemplate                     : Reading to [org.springframework.cloud.netflix.eureka.http.EurekaApplications]
2026-02-23 15:30:21.143 DEBUG 104726 --- [freshExecutor-0] o.s.w.c.RestTemplate                     : HTTP GET http://localhost:8761/eureka/apps/delta
2026-02-23 15:30:21.143 DEBUG 104726 --- [freshExecutor-0] o.s.w.c.RestTemplate                     : Accept=[application/json, application/*+json]
2026-02-23 15:30:21.145 DEBUG 104726 --- [freshExecutor-0] o.s.w.c.RestTemplate                     : Response 200 OK
2026-02-23 15:30:21.146 DEBUG 104726 --- [freshExecutor-0] o.s.w.c.RestTemplate                     : Reading to [org.springframework.cloud.netflix.eureka.http.EurekaApplications]
2026-02-23 15:30:26.148 DEBUG 104726 --- [freshExecutor-0] o.s.w.c.RestTemplate                     : HTTP GET http://localhost:8761/eureka/apps/delta
2026-02-23 15:30:26.148 DEBUG 104726 --- [freshExecutor-0] o.s.w.c.RestTemplate                     : Accept=[application/json, application/*+json]
2026-02-23 15:30:26.151 DEBUG 104726 --- [freshExecutor-0] o.s.w.c.RestTemplate                     : Response 200 OK
2026-02-23 15:30:26.151 DEBUG 104726 --- [freshExecutor-0] o.s.w.c.RestTemplate                     : Reading to [org.springframework.cloud.netflix.eureka.http.EurekaApplications]
2026-02-23 15:30:28.845 DEBUG 104726 --- [freshExecutor-0] o.s.w.c.RestTemplate                     : HTTP GET http://localhost:8761/eureka/apps/delta
2026-02-23 15:30:28.845 DEBUG 104726 --- [freshExecutor-0] o.s.w.c.RestTemplate                     : Accept=[application/json, application/*+json]
2026-02-23 15:30:28.848 DEBUG 104726 --- [freshExecutor-0] o.s.w.c.RestTemplate                     : Response 200 OK
2026-02-23 15:30:28.848 DEBUG 104726 --- [freshExecutor-0] o.s.w.c.RestTemplate                     : Reading to [org.springframework.cloud.netflix.eureka.http.EurekaApplications]
2026-02-23 15:30:33.850 DEBUG 104726 --- [freshExecutor-0] o.s.w.c.RestTemplate                     : HTTP GET http://localhost:8761/eureka/apps/delta
2026-02-23 15:30:33.850 DEBUG 104726 --- [freshExecutor-0] o.s.w.c.RestTemplate                     : Accept=[application/json, application/*+json]
2026-02-23 15:30:33.852 DEBUG 104726 --- [freshExecutor-0] o.s.w.c.RestTemplate                     : Response 200 OK
2026-02-23 15:30:33.852 DEBUG 104726 --- [freshExecutor-0] o.s.w.c.RestTemplate                     : Reading to [org.springframework.cloud.netflix.eureka.http.EurekaApplications]
2026-02-23 15:30:38.755 DEBUG 104726 --- [tbeatExecutor-0] o.s.w.c.RestTemplate                     : HTTP PUT http://localhost:8761/eureka/apps/EGOVADMINLOGIN/10.255.255.254:EgovAdminLogin:0?status=UP&lastDirtyTimestamp=1771828127964
2026-02-23 15:30:38.756 DEBUG 104726 --- [tbeatExecutor-0] o.s.w.c.RestTemplate                     : Accept=[application/json, application/*+json]
2026-02-23 15:30:38.758 DEBUG 104726 --- [tbeatExecutor-0] o.s.w.c.RestTemplate                     : Response 200 OK
2026-02-23 15:30:38.854 DEBUG 104726 --- [freshExecutor-0] o.s.w.c.RestTemplate                     : HTTP GET http://localhost:8761/eureka/apps/delta
2026-02-23 15:30:38.854 DEBUG 104726 --- [freshExecutor-0] o.s.w.c.RestTemplate                     : Accept=[application/json, application/*+json]
2026-02-23 15:30:38.856 DEBUG 104726 --- [freshExecutor-0] o.s.w.c.RestTemplate                     : Response 200 OK
2026-02-23 15:30:38.856 DEBUG 104726 --- [freshExecutor-0] o.s.w.c.RestTemplate                     : Reading to [org.springframework.cloud.netflix.eureka.http.EurekaApplications]
2026-02-23 15:30:43.858 DEBUG 104726 --- [freshExecutor-0] o.s.w.c.RestTemplate                     : HTTP GET http://localhost:8761/eureka/apps/delta
2026-02-23 15:30:43.858 DEBUG 104726 --- [freshExecutor-0] o.s.w.c.RestTemplate                     : Accept=[application/json, application/*+json]
2026-02-23 15:30:43.861 DEBUG 104726 --- [freshExecutor-0] o.s.w.c.RestTemplate                     : Response 200 OK
2026-02-23 15:30:43.861 DEBUG 104726 --- [freshExecutor-0] o.s.w.c.RestTemplate                     : Reading to [org.springframework.cloud.netflix.eureka.http.EurekaApplications]
2026-02-23 15:30:48.869 DEBUG 104726 --- [freshExecutor-0] o.s.w.c.RestTemplate                     : HTTP GET http://localhost:8761/eureka/apps/delta
2026-02-23 15:30:48.869 DEBUG 104726 --- [freshExecutor-0] o.s.w.c.RestTemplate                     : Accept=[application/json, application/*+json]
2026-02-23 15:30:48.872 DEBUG 104726 --- [freshExecutor-0] o.s.w.c.RestTemplate                     : Response 200 OK
2026-02-23 15:30:48.872 DEBUG 104726 --- [freshExecutor-0] o.s.w.c.RestTemplate                     : Reading to [org.springframework.cloud.netflix.eureka.http.EurekaApplications]
2026-02-23 15:30:53.874 DEBUG 104726 --- [freshExecutor-0] o.s.w.c.RestTemplate                     : HTTP GET http://localhost:8761/eureka/apps/delta
2026-02-23 15:30:53.874 DEBUG 104726 --- [freshExecutor-0] o.s.w.c.RestTemplate                     : Accept=[application/json, application/*+json]
2026-02-23 15:30:53.876 DEBUG 104726 --- [freshExecutor-0] o.s.w.c.RestTemplate                     : Response 200 OK
2026-02-23 15:30:53.876 DEBUG 104726 --- [freshExecutor-0] o.s.w.c.RestTemplate                     : Reading to [org.springframework.cloud.netflix.eureka.http.EurekaApplications]
2026-02-23 15:30:56.588 DEBUG 104726 --- [freshExecutor-0] o.s.w.c.RestTemplate                     : HTTP GET http://localhost:8761/eureka/apps/delta
2026-02-23 15:30:56.588 DEBUG 104726 --- [freshExecutor-0] o.s.w.c.RestTemplate                     : Accept=[application/json, application/*+json]
2026-02-23 15:30:56.590 DEBUG 104726 --- [freshExecutor-0] o.s.w.c.RestTemplate                     : Response 200 OK
2026-02-23 15:30:56.591 DEBUG 104726 --- [freshExecutor-0] o.s.w.c.RestTemplate                     : Reading to [org.springframework.cloud.netflix.eureka.http.EurekaApplications]
2026-02-23 15:31:01.593 DEBUG 104726 --- [freshExecutor-0] o.s.w.c.RestTemplate                     : HTTP GET http://localhost:8761/eureka/apps/delta
2026-02-23 15:31:01.594 DEBUG 104726 --- [freshExecutor-0] o.s.w.c.RestTemplate                     : Accept=[application/json, application/*+json]
2026-02-23 15:31:01.597 DEBUG 104726 --- [freshExecutor-0] o.s.w.c.RestTemplate                     : Response 200 OK
2026-02-23 15:31:01.597 DEBUG 104726 --- [freshExecutor-0] o.s.w.c.RestTemplate                     : Reading to [org.springframework.cloud.netflix.eureka.http.EurekaApplications]
2026-02-23 15:31:06.470 DEBUG 104726 --- [tbeatExecutor-0] o.s.w.c.RestTemplate                     : HTTP PUT http://localhost:8761/eureka/apps/EGOVADMINLOGIN/10.255.255.254:EgovAdminLogin:0?status=UP&lastDirtyTimestamp=1771828127964
2026-02-23 15:31:06.470 DEBUG 104726 --- [tbeatExecutor-0] o.s.w.c.RestTemplate                     : Accept=[application/json, application/*+json]
2026-02-23 15:31:06.472 DEBUG 104726 --- [tbeatExecutor-0] o.s.w.c.RestTemplate                     : Response 200 OK
2026-02-23 15:31:06.598 DEBUG 104726 --- [freshExecutor-0] o.s.w.c.RestTemplate                     : HTTP GET http://localhost:8761/eureka/apps/delta
2026-02-23 15:31:06.598 DEBUG 104726 --- [freshExecutor-0] o.s.w.c.RestTemplate                     : Accept=[application/json, application/*+json]
2026-02-23 15:31:06.601 DEBUG 104726 --- [freshExecutor-0] o.s.w.c.RestTemplate                     : Response 200 OK
2026-02-23 15:31:06.601 DEBUG 104726 --- [freshExecutor-0] o.s.w.c.RestTemplate                     : Reading to [org.springframework.cloud.netflix.eureka.http.EurekaApplications]
2026-02-23 15:31:11.603 DEBUG 104726 --- [freshExecutor-0] o.s.w.c.RestTemplate                     : HTTP GET http://localhost:8761/eureka/apps/delta
2026-02-23 15:31:11.604 DEBUG 104726 --- [freshExecutor-0] o.s.w.c.RestTemplate                     : Accept=[application/json, application/*+json]
2026-02-23 15:31:11.607 DEBUG 104726 --- [freshExecutor-0] o.s.w.c.RestTemplate                     : Response 200 OK
2026-02-23 15:31:11.608 DEBUG 104726 --- [freshExecutor-0] o.s.w.c.RestTemplate                     : Reading to [org.springframework.cloud.netflix.eureka.http.EurekaApplications]
2026-02-23 15:31:16.609 DEBUG 104726 --- [freshExecutor-0] o.s.w.c.RestTemplate                     : HTTP GET http://localhost:8761/eureka/apps/delta
2026-02-23 15:31:16.609 DEBUG 104726 --- [freshExecutor-0] o.s.w.c.RestTemplate                     : Accept=[application/json, application/*+json]
2026-02-23 15:31:16.612 DEBUG 104726 --- [freshExecutor-0] o.s.w.c.RestTemplate                     : Response 200 OK
2026-02-23 15:31:16.612 DEBUG 104726 --- [freshExecutor-0] o.s.w.c.RestTemplate                     : Reading to [org.springframework.cloud.netflix.eureka.http.EurekaApplications]
2026-02-23 15:31:21.614 DEBUG 104726 --- [freshExecutor-0] o.s.w.c.RestTemplate                     : HTTP GET http://localhost:8761/eureka/apps/delta
2026-02-23 15:31:21.614 DEBUG 104726 --- [freshExecutor-0] o.s.w.c.RestTemplate                     : Accept=[application/json, application/*+json]
2026-02-23 15:31:21.617 DEBUG 104726 --- [freshExecutor-0] o.s.w.c.RestTemplate                     : Response 200 OK
2026-02-23 15:31:21.617 DEBUG 104726 --- [freshExecutor-0] o.s.w.c.RestTemplate                     : Reading to [org.springframework.cloud.netflix.eureka.http.EurekaApplications]
2026-02-23 15:31:24.309 DEBUG 104726 --- [freshExecutor-0] o.s.w.c.RestTemplate                     : HTTP GET http://localhost:8761/eureka/apps/delta
2026-02-23 15:31:24.309 DEBUG 104726 --- [freshExecutor-0] o.s.w.c.RestTemplate                     : Accept=[application/json, application/*+json]
2026-02-23 15:31:24.312 DEBUG 104726 --- [freshExecutor-0] o.s.w.c.RestTemplate                     : Response 200 OK
2026-02-23 15:31:24.312 DEBUG 104726 --- [freshExecutor-0] o.s.w.c.RestTemplate                     : Reading to [org.springframework.cloud.netflix.eureka.http.EurekaApplications]
2026-02-23 15:31:29.315 DEBUG 104726 --- [freshExecutor-0] o.s.w.c.RestTemplate                     : HTTP GET http://localhost:8761/eureka/apps/delta
2026-02-23 15:31:29.316 DEBUG 104726 --- [freshExecutor-0] o.s.w.c.RestTemplate                     : Accept=[application/json, application/*+json]
2026-02-23 15:31:29.318 DEBUG 104726 --- [freshExecutor-0] o.s.w.c.RestTemplate                     : Response 200 OK
2026-02-23 15:31:29.319 DEBUG 104726 --- [freshExecutor-0] o.s.w.c.RestTemplate                     : Reading to [org.springframework.cloud.netflix.eureka.http.EurekaApplications]
2026-02-23 15:31:34.163 DEBUG 104726 --- [tbeatExecutor-0] o.s.w.c.RestTemplate                     : HTTP PUT http://localhost:8761/eureka/apps/EGOVADMINLOGIN/10.255.255.254:EgovAdminLogin:0?status=UP&lastDirtyTimestamp=1771828127964
2026-02-23 15:31:34.164 DEBUG 104726 --- [tbeatExecutor-0] o.s.w.c.RestTemplate                     : Accept=[application/json, application/*+json]
2026-02-23 15:31:34.166 DEBUG 104726 --- [tbeatExecutor-0] o.s.w.c.RestTemplate                     : Response 200 OK
2026-02-23 15:31:34.320 DEBUG 104726 --- [freshExecutor-0] o.s.w.c.RestTemplate                     : HTTP GET http://localhost:8761/eureka/apps/delta
2026-02-23 15:31:34.321 DEBUG 104726 --- [freshExecutor-0] o.s.w.c.RestTemplate                     : Accept=[application/json, application/*+json]
2026-02-23 15:31:34.323 DEBUG 104726 --- [freshExecutor-0] o.s.w.c.RestTemplate                     : Response 200 OK
2026-02-23 15:31:34.323 DEBUG 104726 --- [freshExecutor-0] o.s.w.c.RestTemplate                     : Reading to [org.springframework.cloud.netflix.eureka.http.EurekaApplications]
2026-02-23 15:31:39.329 DEBUG 104726 --- [freshExecutor-0] o.s.w.c.RestTemplate                     : HTTP GET http://localhost:8761/eureka/apps/delta
2026-02-23 15:31:39.329 DEBUG 104726 --- [freshExecutor-0] o.s.w.c.RestTemplate                     : Accept=[application/json, application/*+json]
2026-02-23 15:31:39.332 DEBUG 104726 --- [freshExecutor-0] o.s.w.c.RestTemplate                     : Response 200 OK
2026-02-23 15:31:39.332 DEBUG 104726 --- [freshExecutor-0] o.s.w.c.RestTemplate                     : Reading to [org.springframework.cloud.netflix.eureka.http.EurekaApplications]
2026-02-23 15:31:44.333 DEBUG 104726 --- [freshExecutor-0] o.s.w.c.RestTemplate                     : HTTP GET http://localhost:8761/eureka/apps/delta
2026-02-23 15:31:44.333 DEBUG 104726 --- [freshExecutor-0] o.s.w.c.RestTemplate                     : Accept=[application/json, application/*+json]
2026-02-23 15:31:44.336 DEBUG 104726 --- [freshExecutor-0] o.s.w.c.RestTemplate                     : Response 200 OK
2026-02-23 15:31:44.336 DEBUG 104726 --- [freshExecutor-0] o.s.w.c.RestTemplate                     : Reading to [org.springframework.cloud.netflix.eureka.http.EurekaApplications]
2026-02-23 15:31:49.338 DEBUG 104726 --- [freshExecutor-0] o.s.w.c.RestTemplate                     : HTTP GET http://localhost:8761/eureka/apps/delta
2026-02-23 15:31:49.338 DEBUG 104726 --- [freshExecutor-0] o.s.w.c.RestTemplate                     : Accept=[application/json, application/*+json]
2026-02-23 15:31:49.349 DEBUG 104726 --- [freshExecutor-0] o.s.w.c.RestTemplate                     : Response 200 OK
2026-02-23 15:31:49.349 DEBUG 104726 --- [freshExecutor-0] o.s.w.c.RestTemplate                     : Reading to [org.springframework.cloud.netflix.eureka.http.EurekaApplications]
2026-02-23 15:31:52.028 DEBUG 104726 --- [freshExecutor-0] o.s.w.c.RestTemplate                     : HTTP GET http://localhost:8761/eureka/apps/delta
2026-02-23 15:31:52.028 DEBUG 104726 --- [freshExecutor-0] o.s.w.c.RestTemplate                     : Accept=[application/json, application/*+json]
2026-02-23 15:31:52.031 DEBUG 104726 --- [freshExecutor-0] o.s.w.c.RestTemplate                     : Response 200 OK
2026-02-23 15:31:52.031 DEBUG 104726 --- [freshExecutor-0] o.s.w.c.RestTemplate                     : Reading to [org.springframework.cloud.netflix.eureka.http.EurekaApplications]
2026-02-23 15:31:57.033 DEBUG 104726 --- [freshExecutor-0] o.s.w.c.RestTemplate                     : HTTP GET http://localhost:8761/eureka/apps/delta
2026-02-23 15:31:57.033 DEBUG 104726 --- [freshExecutor-0] o.s.w.c.RestTemplate                     : Accept=[application/json, application/*+json]
2026-02-23 15:31:57.036 DEBUG 104726 --- [freshExecutor-0] o.s.w.c.RestTemplate                     : Response 200 OK
2026-02-23 15:31:57.036 DEBUG 104726 --- [freshExecutor-0] o.s.w.c.RestTemplate                     : Reading to [org.springframework.cloud.netflix.eureka.http.EurekaApplications]
2026-02-23 15:32:01.845 DEBUG 104726 --- [tbeatExecutor-0] o.s.w.c.RestTemplate                     : HTTP PUT http://localhost:8761/eureka/apps/EGOVADMINLOGIN/10.255.255.254:EgovAdminLogin:0?status=UP&lastDirtyTimestamp=1771828127964
2026-02-23 15:32:01.846 DEBUG 104726 --- [tbeatExecutor-0] o.s.w.c.RestTemplate                     : Accept=[application/json, application/*+json]
2026-02-23 15:32:01.848 DEBUG 104726 --- [tbeatExecutor-0] o.s.w.c.RestTemplate                     : Response 200 OK
2026-02-23 15:32:02.038 DEBUG 104726 --- [freshExecutor-0] o.s.w.c.RestTemplate                     : HTTP GET http://localhost:8761/eureka/apps/delta
2026-02-23 15:32:02.038 DEBUG 104726 --- [freshExecutor-0] o.s.w.c.RestTemplate                     : Accept=[application/json, application/*+json]
2026-02-23 15:32:02.040 DEBUG 104726 --- [freshExecutor-0] o.s.w.c.RestTemplate                     : Response 200 OK
2026-02-23 15:32:02.041 DEBUG 104726 --- [freshExecutor-0] o.s.w.c.RestTemplate                     : Reading to [org.springframework.cloud.netflix.eureka.http.EurekaApplications]
2026-02-23 15:32:07.042 DEBUG 104726 --- [freshExecutor-0] o.s.w.c.RestTemplate                     : HTTP GET http://localhost:8761/eureka/apps/delta
2026-02-23 15:32:07.043 DEBUG 104726 --- [freshExecutor-0] o.s.w.c.RestTemplate                     : Accept=[application/json, application/*+json]
2026-02-23 15:32:07.046 DEBUG 104726 --- [freshExecutor-0] o.s.w.c.RestTemplate                     : Response 200 OK
2026-02-23 15:32:07.046 DEBUG 104726 --- [freshExecutor-0] o.s.w.c.RestTemplate                     : Reading to [org.springframework.cloud.netflix.eureka.http.EurekaApplications]
2026-02-23 15:32:12.048 DEBUG 104726 --- [freshExecutor-0] o.s.w.c.RestTemplate                     : HTTP GET http://localhost:8761/eureka/apps/delta
2026-02-23 15:32:12.048 DEBUG 104726 --- [freshExecutor-0] o.s.w.c.RestTemplate                     : Accept=[application/json, application/*+json]
2026-02-23 15:32:12.060 DEBUG 104726 --- [freshExecutor-0] o.s.w.c.RestTemplate                     : Response 200 OK
2026-02-23 15:32:12.061 DEBUG 104726 --- [freshExecutor-0] o.s.w.c.RestTemplate                     : Reading to [org.springframework.cloud.netflix.eureka.http.EurekaApplications]
2026-02-23 15:32:17.062 DEBUG 104726 --- [freshExecutor-0] o.s.w.c.RestTemplate                     : HTTP GET http://localhost:8761/eureka/apps/delta
2026-02-23 15:32:17.063 DEBUG 104726 --- [freshExecutor-0] o.s.w.c.RestTemplate                     : Accept=[application/json, application/*+json]
2026-02-23 15:32:17.065 DEBUG 104726 --- [freshExecutor-0] o.s.w.c.RestTemplate                     : Response 200 OK
2026-02-23 15:32:17.066 DEBUG 104726 --- [freshExecutor-0] o.s.w.c.RestTemplate                     : Reading to [org.springframework.cloud.netflix.eureka.http.EurekaApplications]
2026-02-23 15:32:19.773 DEBUG 104726 --- [freshExecutor-0] o.s.w.c.RestTemplate                     : HTTP GET http://localhost:8761/eureka/apps/delta
2026-02-23 15:32:19.773 DEBUG 104726 --- [freshExecutor-0] o.s.w.c.RestTemplate                     : Accept=[application/json, application/*+json]
2026-02-23 15:32:19.776 DEBUG 104726 --- [freshExecutor-0] o.s.w.c.RestTemplate                     : Response 200 OK
2026-02-23 15:32:19.776 DEBUG 104726 --- [freshExecutor-0] o.s.w.c.RestTemplate                     : Reading to [org.springframework.cloud.netflix.eureka.http.EurekaApplications]
2026-02-23 15:32:24.777 DEBUG 104726 --- [freshExecutor-0] o.s.w.c.RestTemplate                     : HTTP GET http://localhost:8761/eureka/apps/delta
2026-02-23 15:32:24.778 DEBUG 104726 --- [freshExecutor-0] o.s.w.c.RestTemplate                     : Accept=[application/json, application/*+json]
2026-02-23 15:32:24.780 DEBUG 104726 --- [freshExecutor-0] o.s.w.c.RestTemplate                     : Response 200 OK
2026-02-23 15:32:24.780 DEBUG 104726 --- [freshExecutor-0] o.s.w.c.RestTemplate                     : Reading to [org.springframework.cloud.netflix.eureka.http.EurekaApplications]
2026-02-23 15:32:29.552 DEBUG 104726 --- [tbeatExecutor-0] o.s.w.c.RestTemplate                     : HTTP PUT http://localhost:8761/eureka/apps/EGOVADMINLOGIN/10.255.255.254:EgovAdminLogin:0?status=UP&lastDirtyTimestamp=1771828127964
2026-02-23 15:32:29.553 DEBUG 104726 --- [tbeatExecutor-0] o.s.w.c.RestTemplate                     : Accept=[application/json, application/*+json]
2026-02-23 15:32:29.555 DEBUG 104726 --- [tbeatExecutor-0] o.s.w.c.RestTemplate                     : Response 200 OK
2026-02-23 15:32:29.784 DEBUG 104726 --- [freshExecutor-0] o.s.w.c.RestTemplate                     : HTTP GET http://localhost:8761/eureka/apps/delta
2026-02-23 15:32:29.784 DEBUG 104726 --- [freshExecutor-0] o.s.w.c.RestTemplate                     : Accept=[application/json, application/*+json]
2026-02-23 15:32:29.786 DEBUG 104726 --- [freshExecutor-0] o.s.w.c.RestTemplate                     : Response 200 OK
2026-02-23 15:32:29.787 DEBUG 104726 --- [freshExecutor-0] o.s.w.c.RestTemplate                     : Reading to [org.springframework.cloud.netflix.eureka.http.EurekaApplications]
2026-02-23 15:32:34.793 DEBUG 104726 --- [freshExecutor-0] o.s.w.c.RestTemplate                     : HTTP GET http://localhost:8761/eureka/apps/delta
2026-02-23 15:32:34.794 DEBUG 104726 --- [freshExecutor-0] o.s.w.c.RestTemplate                     : Accept=[application/json, application/*+json]
2026-02-23 15:32:34.796 DEBUG 104726 --- [freshExecutor-0] o.s.w.c.RestTemplate                     : Response 200 OK
2026-02-23 15:32:34.796 DEBUG 104726 --- [freshExecutor-0] o.s.w.c.RestTemplate                     : Reading to [org.springframework.cloud.netflix.eureka.http.EurekaApplications]
2026-02-23 15:32:39.798 DEBUG 104726 --- [freshExecutor-0] o.s.w.c.RestTemplate                     : HTTP GET http://localhost:8761/eureka/apps/delta
2026-02-23 15:32:39.798 DEBUG 104726 --- [freshExecutor-0] o.s.w.c.RestTemplate                     : Accept=[application/json, application/*+json]
2026-02-23 15:32:39.801 DEBUG 104726 --- [freshExecutor-0] o.s.w.c.RestTemplate                     : Response 200 OK
2026-02-23 15:32:39.801 DEBUG 104726 --- [freshExecutor-0] o.s.w.c.RestTemplate                     : Reading to [org.springframework.cloud.netflix.eureka.http.EurekaApplications]
2026-02-23 15:32:44.802 DEBUG 104726 --- [freshExecutor-0] o.s.w.c.RestTemplate                     : HTTP GET http://localhost:8761/eureka/apps/delta
2026-02-23 15:32:44.803 DEBUG 104726 --- [freshExecutor-0] o.s.w.c.RestTemplate                     : Accept=[application/json, application/*+json]
2026-02-23 15:32:44.805 DEBUG 104726 --- [freshExecutor-0] o.s.w.c.RestTemplate                     : Response 200 OK
2026-02-23 15:32:44.805 DEBUG 104726 --- [freshExecutor-0] o.s.w.c.RestTemplate                     : Reading to [org.springframework.cloud.netflix.eureka.http.EurekaApplications]
2026-02-23 15:32:47.490 DEBUG 104726 --- [freshExecutor-0] o.s.w.c.RestTemplate                     : HTTP GET http://localhost:8761/eureka/apps/delta
2026-02-23 15:32:47.490 DEBUG 104726 --- [freshExecutor-0] o.s.w.c.RestTemplate                     : Accept=[application/json, application/*+json]
2026-02-23 15:32:47.494 DEBUG 104726 --- [freshExecutor-0] o.s.w.c.RestTemplate                     : Response 200 OK
2026-02-23 15:32:47.494 DEBUG 104726 --- [freshExecutor-0] o.s.w.c.RestTemplate                     : Reading to [org.springframework.cloud.netflix.eureka.http.EurekaApplications]
2026-02-23 15:32:52.496 DEBUG 104726 --- [freshExecutor-0] o.s.w.c.RestTemplate                     : HTTP GET http://localhost:8761/eureka/apps/delta
2026-02-23 15:32:52.496 DEBUG 104726 --- [freshExecutor-0] o.s.w.c.RestTemplate                     : Accept=[application/json, application/*+json]
2026-02-23 15:32:52.499 DEBUG 104726 --- [freshExecutor-0] o.s.w.c.RestTemplate                     : Response 200 OK
2026-02-23 15:32:52.499 DEBUG 104726 --- [freshExecutor-0] o.s.w.c.RestTemplate                     : Reading to [org.springframework.cloud.netflix.eureka.http.EurekaApplications]
2026-02-23 15:32:57.240 DEBUG 104726 --- [tbeatExecutor-0] o.s.w.c.RestTemplate                     : HTTP PUT http://localhost:8761/eureka/apps/EGOVADMINLOGIN/10.255.255.254:EgovAdminLogin:0?status=UP&lastDirtyTimestamp=1771828127964
2026-02-23 15:32:57.240 DEBUG 104726 --- [tbeatExecutor-0] o.s.w.c.RestTemplate                     : Accept=[application/json, application/*+json]
2026-02-23 15:32:57.243 DEBUG 104726 --- [tbeatExecutor-0] o.s.w.c.RestTemplate                     : Response 200 OK
2026-02-23 15:32:57.500 DEBUG 104726 --- [freshExecutor-0] o.s.w.c.RestTemplate                     : HTTP GET http://localhost:8761/eureka/apps/delta
2026-02-23 15:32:57.501 DEBUG 104726 --- [freshExecutor-0] o.s.w.c.RestTemplate                     : Accept=[application/json, application/*+json]
2026-02-23 15:32:57.503 DEBUG 104726 --- [freshExecutor-0] o.s.w.c.RestTemplate                     : Response 200 OK
2026-02-23 15:32:57.503 DEBUG 104726 --- [freshExecutor-0] o.s.w.c.RestTemplate                     : Reading to [org.springframework.cloud.netflix.eureka.http.EurekaApplications]
2026-02-23 15:33:02.504 DEBUG 104726 --- [freshExecutor-0] o.s.w.c.RestTemplate                     : HTTP GET http://localhost:8761/eureka/apps/delta
2026-02-23 15:33:02.505 DEBUG 104726 --- [freshExecutor-0] o.s.w.c.RestTemplate                     : Accept=[application/json, application/*+json]
2026-02-23 15:33:02.507 DEBUG 104726 --- [freshExecutor-0] o.s.w.c.RestTemplate                     : Response 200 OK
2026-02-23 15:33:02.507 DEBUG 104726 --- [freshExecutor-0] o.s.w.c.RestTemplate                     : Reading to [org.springframework.cloud.netflix.eureka.http.EurekaApplications]
2026-02-23 15:33:07.510 DEBUG 104726 --- [freshExecutor-0] o.s.w.c.RestTemplate                     : HTTP GET http://localhost:8761/eureka/apps/delta
2026-02-23 15:33:07.510 DEBUG 104726 --- [freshExecutor-0] o.s.w.c.RestTemplate                     : Accept=[application/json, application/*+json]
2026-02-23 15:33:07.513 DEBUG 104726 --- [freshExecutor-0] o.s.w.c.RestTemplate                     : Response 200 OK
2026-02-23 15:33:07.513 DEBUG 104726 --- [freshExecutor-0] o.s.w.c.RestTemplate                     : Reading to [org.springframework.cloud.netflix.eureka.http.EurekaApplications]
2026-02-23 15:33:12.515 DEBUG 104726 --- [freshExecutor-0] o.s.w.c.RestTemplate                     : HTTP GET http://localhost:8761/eureka/apps/delta
2026-02-23 15:33:12.516 DEBUG 104726 --- [freshExecutor-0] o.s.w.c.RestTemplate                     : Accept=[application/json, application/*+json]
2026-02-23 15:33:12.527 DEBUG 104726 --- [freshExecutor-0] o.s.w.c.RestTemplate                     : Response 200 OK
2026-02-23 15:33:12.527 DEBUG 104726 --- [freshExecutor-0] o.s.w.c.RestTemplate                     : Reading to [org.springframework.cloud.netflix.eureka.http.EurekaApplications]
2026-02-23 15:33:15.219 DEBUG 104726 --- [freshExecutor-0] o.s.w.c.RestTemplate                     : HTTP GET http://localhost:8761/eureka/apps/delta
2026-02-23 15:33:15.220 DEBUG 104726 --- [freshExecutor-0] o.s.w.c.RestTemplate                     : Accept=[application/json, application/*+json]
2026-02-23 15:33:15.222 DEBUG 104726 --- [freshExecutor-0] o.s.w.c.RestTemplate                     : Response 200 OK
2026-02-23 15:33:15.222 DEBUG 104726 --- [freshExecutor-0] o.s.w.c.RestTemplate                     : Reading to [org.springframework.cloud.netflix.eureka.http.EurekaApplications]
2026-02-23 15:33:20.223 DEBUG 104726 --- [freshExecutor-0] o.s.w.c.RestTemplate                     : HTTP GET http://localhost:8761/eureka/apps/delta
2026-02-23 15:33:20.224 DEBUG 104726 --- [freshExecutor-0] o.s.w.c.RestTemplate                     : Accept=[application/json, application/*+json]
2026-02-23 15:33:20.227 DEBUG 104726 --- [freshExecutor-0] o.s.w.c.RestTemplate                     : Response 200 OK
2026-02-23 15:33:20.227 DEBUG 104726 --- [freshExecutor-0] o.s.w.c.RestTemplate                     : Reading to [org.springframework.cloud.netflix.eureka.http.EurekaApplications]
2026-02-23 15:33:24.770  INFO 104726 --- [trap-executor-0] c.n.d.s.r.a.ConfigClusterResolver        : Resolving eureka endpoints via configuration
2026-02-23 15:33:24.933 DEBUG 104726 --- [tbeatExecutor-0] o.s.w.c.RestTemplate                     : HTTP PUT http://localhost:8761/eureka/apps/EGOVADMINLOGIN/10.255.255.254:EgovAdminLogin:0?status=UP&lastDirtyTimestamp=1771828127964
2026-02-23 15:33:24.933 DEBUG 104726 --- [tbeatExecutor-0] o.s.w.c.RestTemplate                     : Accept=[application/json, application/*+json]
2026-02-23 15:33:24.936 DEBUG 104726 --- [tbeatExecutor-0] o.s.w.c.RestTemplate                     : Response 200 OK
2026-02-23 15:33:25.229 DEBUG 104726 --- [freshExecutor-0] o.s.w.c.RestTemplate                     : HTTP GET http://localhost:8761/eureka/apps/delta
2026-02-23 15:33:25.230 DEBUG 104726 --- [freshExecutor-0] o.s.w.c.RestTemplate                     : Accept=[application/json, application/*+json]
2026-02-23 15:33:25.233 DEBUG 104726 --- [freshExecutor-0] o.s.w.c.RestTemplate                     : Response 200 OK
2026-02-23 15:33:25.233 DEBUG 104726 --- [freshExecutor-0] o.s.w.c.RestTemplate                     : Reading to [org.springframework.cloud.netflix.eureka.http.EurekaApplications]
2026-02-23 15:33:30.235 DEBUG 104726 --- [freshExecutor-0] o.s.w.c.RestTemplate                     : HTTP GET http://localhost:8761/eureka/apps/delta
2026-02-23 15:33:30.236 DEBUG 104726 --- [freshExecutor-0] o.s.w.c.RestTemplate                     : Accept=[application/json, application/*+json]
2026-02-23 15:33:30.239 DEBUG 104726 --- [freshExecutor-0] o.s.w.c.RestTemplate                     : Response 200 OK
2026-02-23 15:33:30.239 DEBUG 104726 --- [freshExecutor-0] o.s.w.c.RestTemplate                     : Reading to [org.springframework.cloud.netflix.eureka.http.EurekaApplications]
2026-02-23 15:33:35.240 DEBUG 104726 --- [freshExecutor-0] o.s.w.c.RestTemplate                     : HTTP GET http://localhost:8761/eureka/apps/delta
2026-02-23 15:33:35.241 DEBUG 104726 --- [freshExecutor-0] o.s.w.c.RestTemplate                     : Accept=[application/json, application/*+json]
2026-02-23 15:33:35.244 DEBUG 104726 --- [freshExecutor-0] o.s.w.c.RestTemplate                     : Response 200 OK
2026-02-23 15:33:35.244 DEBUG 104726 --- [freshExecutor-0] o.s.w.c.RestTemplate                     : Reading to [org.springframework.cloud.netflix.eureka.http.EurekaApplications]
2026-02-23 15:33:40.246 DEBUG 104726 --- [freshExecutor-0] o.s.w.c.RestTemplate                     : HTTP GET http://localhost:8761/eureka/apps/delta
2026-02-23 15:33:40.246 DEBUG 104726 --- [freshExecutor-0] o.s.w.c.RestTemplate                     : Accept=[application/json, application/*+json]
2026-02-23 15:33:40.258 DEBUG 104726 --- [freshExecutor-0] o.s.w.c.RestTemplate                     : Response 200 OK
2026-02-23 15:33:40.258 DEBUG 104726 --- [freshExecutor-0] o.s.w.c.RestTemplate                     : Reading to [org.springframework.cloud.netflix.eureka.http.EurekaApplications]
2026-02-23 15:33:42.960 DEBUG 104726 --- [freshExecutor-0] o.s.w.c.RestTemplate                     : HTTP GET http://localhost:8761/eureka/apps/delta
2026-02-23 15:33:42.960 DEBUG 104726 --- [freshExecutor-0] o.s.w.c.RestTemplate                     : Accept=[application/json, application/*+json]
2026-02-23 15:33:42.963 DEBUG 104726 --- [freshExecutor-0] o.s.w.c.RestTemplate                     : Response 200 OK
2026-02-23 15:33:42.963 DEBUG 104726 --- [freshExecutor-0] o.s.w.c.RestTemplate                     : Reading to [org.springframework.cloud.netflix.eureka.http.EurekaApplications]
2026-02-23 15:33:47.968 DEBUG 104726 --- [freshExecutor-0] o.s.w.c.RestTemplate                     : HTTP GET http://localhost:8761/eureka/apps/delta
2026-02-23 15:33:47.968 DEBUG 104726 --- [freshExecutor-0] o.s.w.c.RestTemplate                     : Accept=[application/json, application/*+json]
2026-02-23 15:33:47.970 DEBUG 104726 --- [freshExecutor-0] o.s.w.c.RestTemplate                     : Response 200 OK
2026-02-23 15:33:47.971 DEBUG 104726 --- [freshExecutor-0] o.s.w.c.RestTemplate                     : Reading to [org.springframework.cloud.netflix.eureka.http.EurekaApplications]
2026-02-23 15:33:52.636 DEBUG 104726 --- [tbeatExecutor-0] o.s.w.c.RestTemplate                     : HTTP PUT http://localhost:8761/eureka/apps/EGOVADMINLOGIN/10.255.255.254:EgovAdminLogin:0?status=UP&lastDirtyTimestamp=1771828127964
2026-02-23 15:33:52.636 DEBUG 104726 --- [tbeatExecutor-0] o.s.w.c.RestTemplate                     : Accept=[application/json, application/*+json]
2026-02-23 15:33:52.640 DEBUG 104726 --- [tbeatExecutor-0] o.s.w.c.RestTemplate                     : Response 200 OK
2026-02-23 15:33:52.972 DEBUG 104726 --- [freshExecutor-0] o.s.w.c.RestTemplate                     : HTTP GET http://localhost:8761/eureka/apps/delta
2026-02-23 15:33:52.973 DEBUG 104726 --- [freshExecutor-0] o.s.w.c.RestTemplate                     : Accept=[application/json, application/*+json]
2026-02-23 15:33:52.975 DEBUG 104726 --- [freshExecutor-0] o.s.w.c.RestTemplate                     : Response 200 OK
2026-02-23 15:33:52.976 DEBUG 104726 --- [freshExecutor-0] o.s.w.c.RestTemplate                     : Reading to [org.springframework.cloud.netflix.eureka.http.EurekaApplications]
2026-02-23 15:33:57.979 DEBUG 104726 --- [freshExecutor-0] o.s.w.c.RestTemplate                     : HTTP GET http://localhost:8761/eureka/apps/delta
2026-02-23 15:33:57.979 DEBUG 104726 --- [freshExecutor-0] o.s.w.c.RestTemplate                     : Accept=[application/json, application/*+json]
2026-02-23 15:33:57.983 DEBUG 104726 --- [freshExecutor-0] o.s.w.c.RestTemplate                     : Response 200 OK
2026-02-23 15:33:57.983 DEBUG 104726 --- [freshExecutor-0] o.s.w.c.RestTemplate                     : Reading to [org.springframework.cloud.netflix.eureka.http.EurekaApplications]
2026-02-23 15:34:02.989 DEBUG 104726 --- [freshExecutor-0] o.s.w.c.RestTemplate                     : HTTP GET http://localhost:8761/eureka/apps/delta
2026-02-23 15:34:02.989 DEBUG 104726 --- [freshExecutor-0] o.s.w.c.RestTemplate                     : Accept=[application/json, application/*+json]
2026-02-23 15:34:02.993 DEBUG 104726 --- [freshExecutor-0] o.s.w.c.RestTemplate                     : Response 200 OK
2026-02-23 15:34:02.993 DEBUG 104726 --- [freshExecutor-0] o.s.w.c.RestTemplate                     : Reading to [org.springframework.cloud.netflix.eureka.http.EurekaApplications]
2026-02-23 15:34:07.995 DEBUG 104726 --- [freshExecutor-0] o.s.w.c.RestTemplate                     : HTTP GET http://localhost:8761/eureka/apps/delta
2026-02-23 15:34:07.996 DEBUG 104726 --- [freshExecutor-0] o.s.w.c.RestTemplate                     : Accept=[application/json, application/*+json]
2026-02-23 15:34:07.998 DEBUG 104726 --- [freshExecutor-0] o.s.w.c.RestTemplate                     : Response 200 OK
2026-02-23 15:34:07.998 DEBUG 104726 --- [freshExecutor-0] o.s.w.c.RestTemplate                     : Reading to [org.springframework.cloud.netflix.eureka.http.EurekaApplications]
2026-02-23 15:34:10.700 DEBUG 104726 --- [freshExecutor-0] o.s.w.c.RestTemplate                     : HTTP GET http://localhost:8761/eureka/apps/delta
2026-02-23 15:34:10.700 DEBUG 104726 --- [freshExecutor-0] o.s.w.c.RestTemplate                     : Accept=[application/json, application/*+json]
2026-02-23 15:34:10.703 DEBUG 104726 --- [freshExecutor-0] o.s.w.c.RestTemplate                     : Response 200 OK
2026-02-23 15:34:10.703 DEBUG 104726 --- [freshExecutor-0] o.s.w.c.RestTemplate                     : Reading to [org.springframework.cloud.netflix.eureka.http.EurekaApplications]
2026-02-23 15:34:15.706 DEBUG 104726 --- [freshExecutor-0] o.s.w.c.RestTemplate                     : HTTP GET http://localhost:8761/eureka/apps/delta
2026-02-23 15:34:15.706 DEBUG 104726 --- [freshExecutor-0] o.s.w.c.RestTemplate                     : Accept=[application/json, application/*+json]
2026-02-23 15:34:15.708 DEBUG 104726 --- [freshExecutor-0] o.s.w.c.RestTemplate                     : Response 200 OK
2026-02-23 15:34:15.709 DEBUG 104726 --- [freshExecutor-0] o.s.w.c.RestTemplate                     : Reading to [org.springframework.cloud.netflix.eureka.http.EurekaApplications]
2026-02-23 15:34:20.340 DEBUG 104726 --- [tbeatExecutor-0] o.s.w.c.RestTemplate                     : HTTP PUT http://localhost:8761/eureka/apps/EGOVADMINLOGIN/10.255.255.254:EgovAdminLogin:0?status=UP&lastDirtyTimestamp=1771828127964
2026-02-23 15:34:20.340 DEBUG 104726 --- [tbeatExecutor-0] o.s.w.c.RestTemplate                     : Accept=[application/json, application/*+json]
2026-02-23 15:34:20.343 DEBUG 104726 --- [tbeatExecutor-0] o.s.w.c.RestTemplate                     : Response 200 OK
2026-02-23 15:34:20.710 DEBUG 104726 --- [freshExecutor-0] o.s.w.c.RestTemplate                     : HTTP GET http://localhost:8761/eureka/apps/delta
2026-02-23 15:34:20.710 DEBUG 104726 --- [freshExecutor-0] o.s.w.c.RestTemplate                     : Accept=[application/json, application/*+json]
2026-02-23 15:34:20.712 DEBUG 104726 --- [freshExecutor-0] o.s.w.c.RestTemplate                     : Response 200 OK
2026-02-23 15:34:20.713 DEBUG 104726 --- [freshExecutor-0] o.s.w.c.RestTemplate                     : Reading to [org.springframework.cloud.netflix.eureka.http.EurekaApplications]
2026-02-23 15:34:25.714 DEBUG 104726 --- [freshExecutor-0] o.s.w.c.RestTemplate                     : HTTP GET http://localhost:8761/eureka/apps/delta
2026-02-23 15:34:25.714 DEBUG 104726 --- [freshExecutor-0] o.s.w.c.RestTemplate                     : Accept=[application/json, application/*+json]
2026-02-23 15:34:25.716 DEBUG 104726 --- [freshExecutor-0] o.s.w.c.RestTemplate                     : Response 200 OK
2026-02-23 15:34:25.717 DEBUG 104726 --- [freshExecutor-0] o.s.w.c.RestTemplate                     : Reading to [org.springframework.cloud.netflix.eureka.http.EurekaApplications]
2026-02-23 15:34:30.718 DEBUG 104726 --- [freshExecutor-0] o.s.w.c.RestTemplate                     : HTTP GET http://localhost:8761/eureka/apps/delta
2026-02-23 15:34:30.718 DEBUG 104726 --- [freshExecutor-0] o.s.w.c.RestTemplate                     : Accept=[application/json, application/*+json]
2026-02-23 15:34:30.721 DEBUG 104726 --- [freshExecutor-0] o.s.w.c.RestTemplate                     : Response 200 OK
2026-02-23 15:34:30.721 DEBUG 104726 --- [freshExecutor-0] o.s.w.c.RestTemplate                     : Reading to [org.springframework.cloud.netflix.eureka.http.EurekaApplications]
2026-02-23 15:34:35.723 DEBUG 104726 --- [freshExecutor-0] o.s.w.c.RestTemplate                     : HTTP GET http://localhost:8761/eureka/apps/delta
2026-02-23 15:34:35.723 DEBUG 104726 --- [freshExecutor-0] o.s.w.c.RestTemplate                     : Accept=[application/json, application/*+json]
2026-02-23 15:34:35.726 DEBUG 104726 --- [freshExecutor-0] o.s.w.c.RestTemplate                     : Response 200 OK
2026-02-23 15:34:35.726 DEBUG 104726 --- [freshExecutor-0] o.s.w.c.RestTemplate                     : Reading to [org.springframework.cloud.netflix.eureka.http.EurekaApplications]
2026-02-23 15:34:38.407 DEBUG 104726 --- [freshExecutor-0] o.s.w.c.RestTemplate                     : HTTP GET http://localhost:8761/eureka/apps/delta
2026-02-23 15:34:38.408 DEBUG 104726 --- [freshExecutor-0] o.s.w.c.RestTemplate                     : Accept=[application/json, application/*+json]
2026-02-23 15:34:38.411 DEBUG 104726 --- [freshExecutor-0] o.s.w.c.RestTemplate                     : Response 200 OK
2026-02-23 15:34:38.411 DEBUG 104726 --- [freshExecutor-0] o.s.w.c.RestTemplate                     : Reading to [org.springframework.cloud.netflix.eureka.http.EurekaApplications]
2026-02-23 15:34:43.415 DEBUG 104726 --- [freshExecutor-0] o.s.w.c.RestTemplate                     : HTTP GET http://localhost:8761/eureka/apps/delta
2026-02-23 15:34:43.415 DEBUG 104726 --- [freshExecutor-0] o.s.w.c.RestTemplate                     : Accept=[application/json, application/*+json]
2026-02-23 15:34:43.417 DEBUG 104726 --- [freshExecutor-0] o.s.w.c.RestTemplate                     : Response 200 OK
2026-02-23 15:34:43.417 DEBUG 104726 --- [freshExecutor-0] o.s.w.c.RestTemplate                     : Reading to [org.springframework.cloud.netflix.eureka.http.EurekaApplications]
2026-02-23 15:34:48.021 DEBUG 104726 --- [tbeatExecutor-0] o.s.w.c.RestTemplate                     : HTTP PUT http://localhost:8761/eureka/apps/EGOVADMINLOGIN/10.255.255.254:EgovAdminLogin:0?status=UP&lastDirtyTimestamp=1771828127964
2026-02-23 15:34:48.021 DEBUG 104726 --- [tbeatExecutor-0] o.s.w.c.RestTemplate                     : Accept=[application/json, application/*+json]
2026-02-23 15:34:48.024 DEBUG 104726 --- [tbeatExecutor-0] o.s.w.c.RestTemplate                     : Response 200 OK
2026-02-23 15:34:48.419 DEBUG 104726 --- [freshExecutor-0] o.s.w.c.RestTemplate                     : HTTP GET http://localhost:8761/eureka/apps/delta
2026-02-23 15:34:48.419 DEBUG 104726 --- [freshExecutor-0] o.s.w.c.RestTemplate                     : Accept=[application/json, application/*+json]
2026-02-23 15:34:48.422 DEBUG 104726 --- [freshExecutor-0] o.s.w.c.RestTemplate                     : Response 200 OK
2026-02-23 15:34:48.422 DEBUG 104726 --- [freshExecutor-0] o.s.w.c.RestTemplate                     : Reading to [org.springframework.cloud.netflix.eureka.http.EurekaApplications]
2026-02-23 15:34:53.424 DEBUG 104726 --- [freshExecutor-0] o.s.w.c.RestTemplate                     : HTTP GET http://localhost:8761/eureka/apps/delta
2026-02-23 15:34:53.424 DEBUG 104726 --- [freshExecutor-0] o.s.w.c.RestTemplate                     : Accept=[application/json, application/*+json]
2026-02-23 15:34:53.427 DEBUG 104726 --- [freshExecutor-0] o.s.w.c.RestTemplate                     : Response 200 OK
2026-02-23 15:34:53.427 DEBUG 104726 --- [freshExecutor-0] o.s.w.c.RestTemplate                     : Reading to [org.springframework.cloud.netflix.eureka.http.EurekaApplications]
2026-02-23 15:34:58.429 DEBUG 104726 --- [freshExecutor-0] o.s.w.c.RestTemplate                     : HTTP GET http://localhost:8761/eureka/apps/delta
2026-02-23 15:34:58.430 DEBUG 104726 --- [freshExecutor-0] o.s.w.c.RestTemplate                     : Accept=[application/json, application/*+json]
2026-02-23 15:34:58.441 DEBUG 104726 --- [freshExecutor-0] o.s.w.c.RestTemplate                     : Response 200 OK
2026-02-23 15:34:58.441 DEBUG 104726 --- [freshExecutor-0] o.s.w.c.RestTemplate                     : Reading to [org.springframework.cloud.netflix.eureka.http.EurekaApplications]
2026-02-23 15:35:03.443 DEBUG 104726 --- [freshExecutor-0] o.s.w.c.RestTemplate                     : HTTP GET http://localhost:8761/eureka/apps/delta
2026-02-23 15:35:03.450 DEBUG 104726 --- [freshExecutor-0] o.s.w.c.RestTemplate                     : Accept=[application/json, application/*+json]
2026-02-23 15:35:03.453 DEBUG 104726 --- [freshExecutor-0] o.s.w.c.RestTemplate                     : Response 200 OK
2026-02-23 15:35:03.453 DEBUG 104726 --- [freshExecutor-0] o.s.w.c.RestTemplate                     : Reading to [org.springframework.cloud.netflix.eureka.http.EurekaApplications]
2026-02-23 15:35:06.148 DEBUG 104726 --- [freshExecutor-0] o.s.w.c.RestTemplate                     : HTTP GET http://localhost:8761/eureka/apps/delta
2026-02-23 15:35:06.149 DEBUG 104726 --- [freshExecutor-0] o.s.w.c.RestTemplate                     : Accept=[application/json, application/*+json]
2026-02-23 15:35:06.152 DEBUG 104726 --- [freshExecutor-0] o.s.w.c.RestTemplate                     : Response 200 OK
2026-02-23 15:35:06.152 DEBUG 104726 --- [freshExecutor-0] o.s.w.c.RestTemplate                     : Reading to [org.springframework.cloud.netflix.eureka.http.EurekaApplications]
2026-02-23 15:35:11.153 DEBUG 104726 --- [freshExecutor-0] o.s.w.c.RestTemplate                     : HTTP GET http://localhost:8761/eureka/apps/delta
2026-02-23 15:35:11.153 DEBUG 104726 --- [freshExecutor-0] o.s.w.c.RestTemplate                     : Accept=[application/json, application/*+json]
2026-02-23 15:35:11.156 DEBUG 104726 --- [freshExecutor-0] o.s.w.c.RestTemplate                     : Response 200 OK
2026-02-23 15:35:11.156 DEBUG 104726 --- [freshExecutor-0] o.s.w.c.RestTemplate                     : Reading to [org.springframework.cloud.netflix.eureka.http.EurekaApplications]
2026-02-23 15:35:15.719 DEBUG 104726 --- [tbeatExecutor-0] o.s.w.c.RestTemplate                     : HTTP PUT http://localhost:8761/eureka/apps/EGOVADMINLOGIN/10.255.255.254:EgovAdminLogin:0?status=UP&lastDirtyTimestamp=1771828127964
2026-02-23 15:35:15.720 DEBUG 104726 --- [tbeatExecutor-0] o.s.w.c.RestTemplate                     : Accept=[application/json, application/*+json]
2026-02-23 15:35:15.722 DEBUG 104726 --- [tbeatExecutor-0] o.s.w.c.RestTemplate                     : Response 200 OK
2026-02-23 15:35:16.157 DEBUG 104726 --- [freshExecutor-0] o.s.w.c.RestTemplate                     : HTTP GET http://localhost:8761/eureka/apps/delta
2026-02-23 15:35:16.157 DEBUG 104726 --- [freshExecutor-0] o.s.w.c.RestTemplate                     : Accept=[application/json, application/*+json]
2026-02-23 15:35:16.159 DEBUG 104726 --- [freshExecutor-0] o.s.w.c.RestTemplate                     : Response 200 OK
2026-02-23 15:35:16.160 DEBUG 104726 --- [freshExecutor-0] o.s.w.c.RestTemplate                     : Reading to [org.springframework.cloud.netflix.eureka.http.EurekaApplications]
2026-02-23 15:35:21.162 DEBUG 104726 --- [freshExecutor-0] o.s.w.c.RestTemplate                     : HTTP GET http://localhost:8761/eureka/apps/delta
2026-02-23 15:35:21.162 DEBUG 104726 --- [freshExecutor-0] o.s.w.c.RestTemplate                     : Accept=[application/json, application/*+json]
2026-02-23 15:35:21.165 DEBUG 104726 --- [freshExecutor-0] o.s.w.c.RestTemplate                     : Response 200 OK
2026-02-23 15:35:21.165 DEBUG 104726 --- [freshExecutor-0] o.s.w.c.RestTemplate                     : Reading to [org.springframework.cloud.netflix.eureka.http.EurekaApplications]
2026-02-23 15:35:26.167 DEBUG 104726 --- [freshExecutor-0] o.s.w.c.RestTemplate                     : HTTP GET http://localhost:8761/eureka/apps/delta
2026-02-23 15:35:26.168 DEBUG 104726 --- [freshExecutor-0] o.s.w.c.RestTemplate                     : Accept=[application/json, application/*+json]
2026-02-23 15:35:26.170 DEBUG 104726 --- [freshExecutor-0] o.s.w.c.RestTemplate                     : Response 200 OK
2026-02-23 15:35:26.178 DEBUG 104726 --- [freshExecutor-0] o.s.w.c.RestTemplate                     : Reading to [org.springframework.cloud.netflix.eureka.http.EurekaApplications]
2026-02-23 15:35:31.180 DEBUG 104726 --- [freshExecutor-0] o.s.w.c.RestTemplate                     : HTTP GET http://localhost:8761/eureka/apps/delta
2026-02-23 15:35:31.180 DEBUG 104726 --- [freshExecutor-0] o.s.w.c.RestTemplate                     : Accept=[application/json, application/*+json]
2026-02-23 15:35:31.182 DEBUG 104726 --- [freshExecutor-0] o.s.w.c.RestTemplate                     : Response 200 OK
2026-02-23 15:35:31.189 DEBUG 104726 --- [freshExecutor-0] o.s.w.c.RestTemplate                     : Reading to [org.springframework.cloud.netflix.eureka.http.EurekaApplications]
[[1;34mINFO[m] Scanning for projects...
[[1;34mINFO[m] 
[[1;34mINFO[m] [1m--------------------< [0;36megovframework:EgovAdminLogin[0;1m >--------------------[m
[[1;34mINFO[m] [1mBuilding EgovAdminLogin 1.0.0[m
[[1;34mINFO[m] [1m--------------------------------[ jar ]---------------------------------[m
[[1;34mINFO[m] 
[[1;34mINFO[m] [1m>>> [0;32mspring-boot-maven-plugin:2.7.18:run[m [1m(default-cli)[0;1m > [0;1mtest-compile[m @ [36mEgovAdminLogin[0;1m >>>[m
[[1;34mINFO[m] 
[[1;34mINFO[m] [1m--- [0;32mapt-maven-plugin:1.1.3:process[m [1m(default)[m @ [36mEgovAdminLogin[0;1m ---[m
[[1;34mINFO[m] 
[[1;34mINFO[m] [1m--- [0;32mmaven-resources-plugin:3.2.0:resources[m [1m(default-resources)[m @ [36mEgovAdminLogin[0;1m ---[m
[[1;34mINFO[m] Using 'UTF-8' encoding to copy filtered resources.
[[1;34mINFO[m] Using 'UTF-8' encoding to copy filtered properties files.
[[1;34mINFO[m] Copying 1 resource
[[1;34mINFO[m] Copying 597 resources
[[1;34mINFO[m] 
[[1;34mINFO[m] [1m--- [0;32mmaven-compiler-plugin:3.10.1:compile[m [1m(default-compile)[m @ [36mEgovAdminLogin[0;1m ---[m
[[1;34mINFO[m] Changes detected - recompiling the module!
[[1;34mINFO[m] Compiling 38 source files to /opt/carbosys/EgovAdminLogin/target/classes
[[1;34mINFO[m] 
[[1;34mINFO[m] [1m--- [0;32mmaven-resources-plugin:3.2.0:testResources[m [1m(default-testResources)[m @ [36mEgovAdminLogin[0;1m ---[m
[[1;34mINFO[m] Using 'UTF-8' encoding to copy filtered resources.
[[1;34mINFO[m] Using 'UTF-8' encoding to copy filtered properties files.
[[1;34mINFO[m] skip non existing resourceDirectory /opt/carbosys/EgovAdminLogin/src/test/resources
[[1;34mINFO[m] 
[[1;34mINFO[m] [1m--- [0;32mmaven-compiler-plugin:3.10.1:testCompile[m [1m(default-testCompile)[m @ [36mEgovAdminLogin[0;1m ---[m
[[1;34mINFO[m] No sources to compile
[[1;34mINFO[m] 
[[1;34mINFO[m] [1m<<< [0;32mspring-boot-maven-plugin:2.7.18:run[m [1m(default-cli)[0;1m < [0;1mtest-compile[m @ [36mEgovAdminLogin[0;1m <<<[m
[[1;34mINFO[m] 
[[1;34mINFO[m] 
[[1;34mINFO[m] [1m--- [0;32mspring-boot-maven-plugin:2.7.18:run[m [1m(default-cli)[m @ [36mEgovAdminLogin[0;1m ---[m
[[1;34mINFO[m] Attaching agents: []

  .   ____          _            __ _ _
 /\\ / ___'_ __ _ _(_)_ __  __ _ \ \ \ \
( ( )\___ | '_ | '_| | '_ \/ _` | \ \ \ \
 \\/  ___)| |_)| | | | | || (_| |  ) ) ) )
  '  |____| .__|_| |_|_| |_\__, | / / / /
 =========|_|==============|___/=/_/_/_/
 :: Spring Boot ::               (v2.7.18)

2026-02-24 10:23:13.338  INFO 195469 --- [           main] e.c.EgovAdminLoginApplication            : Starting EgovAdminLoginApplication using Java 17.0.18 on DESKTOP-040GL2H with PID 195469 (/opt/carbosys/EgovAdminLogin/target/classes started by root in /opt/carbosys/EgovAdminLogin)
2026-02-24 10:23:13.340 DEBUG 195469 --- [           main] e.c.EgovAdminLoginApplication            : Running with Spring Boot v2.7.18, Spring v5.3.37
2026-02-24 10:23:13.340  INFO 195469 --- [           main] e.c.EgovAdminLoginApplication            : The following 1 profile is active: "local"
2026-02-24 10:23:13.358  INFO 195469 --- [           main] o.s.c.c.c.ConfigServerConfigDataLoader   : Fetching config from server at : http://localhost:8888
2026-02-24 10:23:13.358  INFO 195469 --- [           main] o.s.c.c.c.ConfigServerConfigDataLoader   : Located environment: name=EgovAdminLogin, profiles=[default], label=null, version=null, state=null
2026-02-24 10:23:13.358  INFO 195469 --- [           main] o.s.c.c.c.ConfigServerConfigDataLoader   : Fetching config from server at : http://localhost:8888
2026-02-24 10:23:13.358  INFO 195469 --- [           main] o.s.c.c.c.ConfigServerConfigDataLoader   : Located environment: name=EgovAdminLogin, profiles=[local], label=null, version=null, state=null
2026-02-24 10:23:13.289  INFO 195469 --- [           main] .s.d.r.c.RepositoryConfigurationDelegate : Bootstrapping Spring Data JPA repositories in DEFAULT mode.
2026-02-24 10:23:13.346  INFO 195469 --- [           main] .s.d.r.c.RepositoryConfigurationDelegate : Finished Spring Data repository scanning in 54 ms. Found 4 JPA repository interfaces.
2026-02-24 10:23:13.476  INFO 195469 --- [           main] o.s.c.c.s.GenericScope                   : BeanFactory id=e11dea98-f382-36e0-bcc7-7855647a1b09
2026-02-24 10:23:13.602  INFO 195469 --- [           main] trationDelegate$BeanPostProcessorChecker : Bean 'org.springframework.cloud.client.loadbalancer.reactive.LoadBalancerBeanPostProcessorAutoConfiguration' of type [org.springframework.cloud.client.loadbalancer.reactive.LoadBalancerBeanPostProcessorAutoConfiguration] is not eligible for getting processed by all BeanPostProcessors (for example: not eligible for auto-proxying)
2026-02-24 10:23:13.603  INFO 195469 --- [           main] trationDelegate$BeanPostProcessorChecker : Bean 'org.springframework.cloud.client.loadbalancer.reactive.LoadBalancerBeanPostProcessorAutoConfiguration$ReactorDeferringLoadBalancerFilterConfig' of type [org.springframework.cloud.client.loadbalancer.reactive.LoadBalancerBeanPostProcessorAutoConfiguration$ReactorDeferringLoadBalancerFilterConfig] is not eligible for getting processed by all BeanPostProcessors (for example: not eligible for auto-proxying)
2026-02-24 10:23:13.603  INFO 195469 --- [           main] trationDelegate$BeanPostProcessorChecker : Bean 'reactorDeferringLoadBalancerExchangeFilterFunction' of type [org.springframework.cloud.client.loadbalancer.reactive.DeferringLoadBalancerExchangeFilterFunction] is not eligible for getting processed by all BeanPostProcessors (for example: not eligible for auto-proxying)
2026-02-24 10:23:13.696  INFO 195469 --- [           main] o.s.b.w.e.t.TomcatWebServer              : Tomcat initialized with port(s): 18021 (http)
Feb 24, 2026 10:23:13 AM org.apache.coyote.AbstractProtocol init
INFO: Initializing ProtocolHandler ["http-nio-18021"]
Feb 24, 2026 10:23:13 AM org.apache.catalina.core.StandardService startInternal
INFO: Starting service [Tomcat]
Feb 24, 2026 10:23:13 AM org.apache.catalina.core.StandardEngine startInternal
INFO: Starting Servlet engine: [Apache Tomcat/9.0.83]
Feb 24, 2026 10:23:13 AM org.apache.catalina.core.ApplicationContext log
INFO: Initializing Spring embedded WebApplicationContext
2026-02-24 10:23:13.775  INFO 195469 --- [           main] w.s.c.ServletWebServerApplicationContext : Root WebApplicationContext: initialization completed in 416 ms
2026-02-24 10:23:13.817  INFO 195469 --- [           main] c.z.h.HikariDataSource                   : HikariPool-1 - Starting...
2026-02-24 10:23:13.851  INFO 195469 --- [           main] c.z.h.p.PoolBase                         : HikariPool-1 - Driver does not support get/set network timeout for connections. (java.lang.UnsupportedOperationException)
2026-02-24 10:23:13.854  INFO 195469 --- [           main] c.z.h.HikariDataSource                   : HikariPool-1 - Start completed.
2026-02-24 10:23:13.947  INFO 195469 --- [           main] o.e.b.s.u.j.EgovJdbcUserDetailsManager   : No authentication manager set. Reauthentication of users when changing passwords will not be performed.
2026-02-24 10:23:13.947  INFO 195469 --- [           main] o.e.b.s.u.j.EgovJdbcUserDetailsManager   : ### EgovJdbcUserDetailsManager.initMappingSqlQueries >>> query : SELECT USER_ID, PASSWORD, 'TRUE' AS ENABLED FROM COMVNUSERMASTER WHERE USER_ID = ?
}
2026-02-24 10:23:13.947  INFO 195469 --- [           main] o.e.b.s.u.j.EgovJdbcUserDetailsManager   : ### EgovJdbcUserDetailsManager.initMappingSqlQueries >>> Mapping Class : org.egovframe.boot.security.userdetails.DefaultMapUserDetailsMapping
2026-02-24 10:23:13.979 DEBUG 195469 --- [           main] e.c.f.AuthorizeFilter                    : Filter 'authorizeFilter' configured for use
2026-02-24 10:23:14.003  INFO 195469 --- [           main] o.h.j.i.u.LogHelper                      : HHH000204: Processing PersistenceUnitInfo [name: default]
2026-02-24 10:23:14.023  INFO 195469 --- [           main] o.h.Version                              : HHH000412: Hibernate ORM core version 5.6.15.Final
2026-02-24 10:23:14.087  INFO 195469 --- [           main] o.h.a.c.Version                          : HCANN000001: Hibernate Commons Annotations {5.1.2.Final}
2026-02-24 10:23:14.161  INFO 195469 --- [           main] o.h.d.Dialect                            : HHH000400: Using dialect: org.hibernate.dialect.CUBRIDDialect
2026-02-24 10:23:14.170  INFO 195469 --- [           main] o.h.o.beans                              : HHH10005002: No explicit CDI BeanManager reference was passed to Hibernate, but CDI is available on the Hibernate ClassLoader.
2026-02-24 10:23:14.442  INFO 195469 --- [           main] o.h.e.t.j.p.i.JtaPlatformInitiator       : HHH000490: Using JtaPlatform implementation: [org.hibernate.engine.transaction.jta.platform.internal.NoJtaPlatform]
2026-02-24 10:23:14.446  INFO 195469 --- [           main] j.LocalContainerEntityManagerFactoryBean : Initialized JPA EntityManagerFactory for persistence unit 'default'
2026-02-24 10:23:14.775  INFO 195469 --- [           main] o.s.s.w.DefaultSecurityFilterChain       : Will secure any request with [org.springframework.security.web.session.DisableEncodeUrlFilter@1bfa398e, org.springframework.security.web.context.request.async.WebAsyncManagerIntegrationFilter@1203c259, org.springframework.security.web.context.SecurityContextPersistenceFilter@dcc7d1c, org.springframework.security.web.header.HeaderWriterFilter@1631a614, org.springframework.security.web.authentication.logout.LogoutFilter@97e9568, org.springframework.security.web.session.ConcurrentSessionFilter@2ce24a1a, org.springframework.security.web.authentication.www.BasicAuthenticationFilter@21b508a0, org.springframework.security.web.savedrequest.RequestCacheAwareFilter@411b75b4, org.springframework.security.web.servletapi.SecurityContextHolderAwareRequestFilter@21298c3a, org.springframework.security.web.authentication.AnonymousAuthenticationFilter@3bd552f7, org.springframework.security.web.session.SessionManagementFilter@68f1e261, org.springframework.security.web.access.ExceptionTranslationFilter@1e8fd198, org.springframework.security.web.access.intercept.FilterSecurityInterceptor@37142579, org.springframework.security.web.access.intercept.FilterSecurityInterceptor@648639f1]
2026-02-24 10:23:14.834 DEBUG 195469 --- [           main] s.w.s.m.m.a.RequestMappingHandlerAdapter : ControllerAdvice beans: 0 @ModelAttribute, 0 @InitBinder, 1 RequestBodyAdvice, 1 ResponseBodyAdvice
2026-02-24 10:23:14.872 DEBUG 195469 --- [           main] s.w.s.m.m.a.RequestMappingHandlerMapping : 15 mappings in 'requestMappingHandlerMapping'
2026-02-24 10:23:14.881 DEBUG 195469 --- [           main] o.s.w.s.h.SimpleUrlHandlerMapping        : Patterns [/webjars/**, /**, /admin/login/**] in 'resourceHandlerMapping'
2026-02-24 10:23:14.886 DEBUG 195469 --- [           main] .m.m.a.ExceptionHandlerExceptionResolver : ControllerAdvice beans: 0 @ExceptionHandler, 1 ResponseBodyAdvice
2026-02-24 10:23:15.050  INFO 195469 --- [           main] DiscoveryClientOptionalArgsConfiguration : Eureka HTTP Client uses RestTemplate.
2026-02-24 10:23:15.090  WARN 195469 --- [           main] iguration$LoadBalancerCaffeineWarnLogger : Spring Cloud LoadBalancer is currently working with the default cache. While this cache implementation is useful for development and tests, it's recommended to use Caffeine cache in production.You can switch to using Caffeine cache, by adding it and org.springframework.cache.caffeine.CaffeineCacheManager to the classpath.
2026-02-24 10:23:15.093  INFO 195469 --- [           main] o.s.b.a.e.w.EndpointLinksResolver        : Exposing 2 endpoint(s) beneath base path '/actuator'
2026-02-24 10:23:15.110  INFO 195469 --- [           main] o.s.c.n.e.InstanceInfoFactory            : Setting initial instance status as: STARTING
2026-02-24 10:23:15.125  INFO 195469 --- [           main] c.n.d.DiscoveryClient                    : Initializing Eureka in region us-east-1
2026-02-24 10:23:15.127  INFO 195469 --- [           main] c.n.d.s.r.a.ConfigClusterResolver        : Resolving eureka endpoints via configuration
2026-02-24 10:23:15.138  INFO 195469 --- [           main] c.n.d.DiscoveryClient                    : Disable delta property : false
2026-02-24 10:23:15.138  INFO 195469 --- [           main] c.n.d.DiscoveryClient                    : Single vip registry refresh property : null
2026-02-24 10:23:15.138  INFO 195469 --- [           main] c.n.d.DiscoveryClient                    : Force full registry fetch : false
2026-02-24 10:23:15.139  INFO 195469 --- [           main] c.n.d.DiscoveryClient                    : Application is null : false
2026-02-24 10:23:15.139  INFO 195469 --- [           main] c.n.d.DiscoveryClient                    : Registered Applications size is zero : true
2026-02-24 10:23:15.139  INFO 195469 --- [           main] c.n.d.DiscoveryClient                    : Application version is -1: true
2026-02-24 10:23:15.139  INFO 195469 --- [           main] c.n.d.DiscoveryClient                    : Getting all instance registry info from the eureka server
2026-02-24 10:23:15.208 DEBUG 195469 --- [           main] o.s.w.c.RestTemplate                     : HTTP GET http://localhost:8761/eureka/apps/
2026-02-24 10:23:15.229 DEBUG 195469 --- [           main] o.s.w.c.RestTemplate                     : Accept=[application/json, application/*+json]
2026-02-24 10:23:15.249 DEBUG 195469 --- [           main] o.s.w.c.RestTemplate                     : Response 200 OK
2026-02-24 10:23:15.250 DEBUG 195469 --- [           main] o.s.w.c.RestTemplate                     : Reading to [org.springframework.cloud.netflix.eureka.http.EurekaApplications]
2026-02-24 10:23:15.255  INFO 195469 --- [           main] c.n.d.DiscoveryClient                    : The response status is 200
2026-02-24 10:23:15.256  INFO 195469 --- [           main] c.n.d.DiscoveryClient                    : Starting heartbeat executor: renew interval is: 30
2026-02-24 10:23:15.258  INFO 195469 --- [           main] c.n.d.InstanceInfoReplicator             : InstanceInfoReplicator onDemand update allowed rate per min is 4
2026-02-24 10:23:15.260  INFO 195469 --- [           main] c.n.d.DiscoveryClient                    : Discovery Client initialized at timestamp 1771896195260 with initial instances count: 4
2026-02-24 10:23:15.261  INFO 195469 --- [           main] o.s.c.n.e.s.EurekaServiceRegistry        : Registering application EGOVADMINLOGIN with eureka with status UP
2026-02-24 10:23:15.261  INFO 195469 --- [           main] c.n.d.DiscoveryClient                    : Saw local status change event StatusChangeEvent [timestamp=1771896195261, current=UP, previous=STARTING]
2026-02-24 10:23:15.262  INFO 195469 --- [nfoReplicator-0] c.n.d.DiscoveryClient                    : DiscoveryClient_EGOVADMINLOGIN/10.255.255.254:EgovAdminLogin:18021: registering service...
Feb 24, 2026 10:23:15 AM org.apache.coyote.AbstractProtocol start
INFO: Starting ProtocolHandler ["http-nio-18021"]
2026-02-24 10:23:15.263 DEBUG 195469 --- [nfoReplicator-0] o.s.w.c.RestTemplate                     : HTTP POST http://localhost:8761/eureka/apps/EGOVADMINLOGIN
2026-02-24 10:23:15.264 DEBUG 195469 --- [nfoReplicator-0] o.s.w.c.RestTemplate                     : Accept=[application/json, application/*+json]
2026-02-24 10:23:15.272 DEBUG 195469 --- [nfoReplicator-0] o.s.w.c.RestTemplate                     : Writing [InstanceInfo [instanceId = 10.255.255.254:EgovAdminLogin:18021, appName = EGOVADMINLOGIN, hostName = 10.255.255.254, status = UP, ipAddr = 10.255.255.254, port = 18021, securePort = 443, dataCenterInfo = com.netflix.appinfo.MyDataCenterInfo@645a9649] as "application/json"
2026-02-24 10:23:15.273  INFO 195469 --- [           main] o.s.b.w.e.t.TomcatWebServer              : Tomcat started on port(s): 18021 (http) with context path ''
2026-02-24 10:23:15.273  INFO 195469 --- [           main] .s.c.n.e.s.EurekaAutoServiceRegistration : Updating port to 18021
2026-02-24 10:23:15.281 DEBUG 195469 --- [nfoReplicator-0] o.s.w.c.RestTemplate                     : Response 204 NO_CONTENT
2026-02-24 10:23:15.281  INFO 195469 --- [nfoReplicator-0] c.n.d.DiscoveryClient                    : DiscoveryClient_EGOVADMINLOGIN/10.255.255.254:EgovAdminLogin:18021 - registration status: 204
2026-02-24 10:23:15.293  INFO 195469 --- [           main] e.c.EgovAdminLoginApplication            : Started EgovAdminLoginApplication in 2.916 seconds (JVM running for 3.261)
2026-02-24 10:23:19.758 DEBUG 195469 --- [freshExecutor-0] o.s.w.c.RestTemplate                     : HTTP GET http://localhost:8761/eureka/apps/delta
2026-02-24 10:23:19.758 DEBUG 195469 --- [freshExecutor-0] o.s.w.c.RestTemplate                     : Accept=[application/json, application/*+json]
2026-02-24 10:23:19.763 DEBUG 195469 --- [freshExecutor-0] o.s.w.c.RestTemplate                     : Response 200 OK
2026-02-24 10:23:19.763 DEBUG 195469 --- [freshExecutor-0] o.s.w.c.RestTemplate                     : Reading to [org.springframework.cloud.netflix.eureka.http.EurekaApplications]
2026-02-24 10:23:24.263 DEBUG 195469 --- [freshExecutor-0] o.s.w.c.RestTemplate                     : HTTP GET http://localhost:8761/eureka/apps/delta
2026-02-24 10:23:24.263 DEBUG 195469 --- [freshExecutor-0] o.s.w.c.RestTemplate                     : Accept=[application/json, application/*+json]
2026-02-24 10:23:24.267 DEBUG 195469 --- [freshExecutor-0] o.s.w.c.RestTemplate                     : Response 200 OK
2026-02-24 10:23:24.267 DEBUG 195469 --- [freshExecutor-0] o.s.w.c.RestTemplate                     : Reading to [org.springframework.cloud.netflix.eureka.http.EurekaApplications]
2026-02-24 10:23:28.766 DEBUG 195469 --- [freshExecutor-0] o.s.w.c.RestTemplate                     : HTTP GET http://localhost:8761/eureka/apps/delta
2026-02-24 10:23:28.767 DEBUG 195469 --- [freshExecutor-0] o.s.w.c.RestTemplate                     : Accept=[application/json, application/*+json]
2026-02-24 10:23:28.771 DEBUG 195469 --- [freshExecutor-0] o.s.w.c.RestTemplate                     : Response 200 OK
2026-02-24 10:23:28.771 DEBUG 195469 --- [freshExecutor-0] o.s.w.c.RestTemplate                     : Reading to [org.springframework.cloud.netflix.eureka.http.EurekaApplications]
2026-02-24 10:23:33.275 DEBUG 195469 --- [freshExecutor-0] o.s.w.c.RestTemplate                     : HTTP GET http://localhost:8761/eureka/apps/delta
2026-02-24 10:23:33.276 DEBUG 195469 --- [freshExecutor-0] o.s.w.c.RestTemplate                     : Accept=[application/json, application/*+json]
2026-02-24 10:23:33.279 DEBUG 195469 --- [freshExecutor-0] o.s.w.c.RestTemplate                     : Response 200 OK
2026-02-24 10:23:33.279 DEBUG 195469 --- [freshExecutor-0] o.s.w.c.RestTemplate                     : Reading to [org.springframework.cloud.netflix.eureka.http.EurekaApplications]
2026-02-24 10:23:38.282 DEBUG 195469 --- [freshExecutor-0] o.s.w.c.RestTemplate                     : HTTP GET http://localhost:8761/eureka/apps/delta
2026-02-24 10:23:38.282 DEBUG 195469 --- [freshExecutor-0] o.s.w.c.RestTemplate                     : Accept=[application/json, application/*+json]
2026-02-24 10:23:38.285 DEBUG 195469 --- [freshExecutor-0] o.s.w.c.RestTemplate                     : Response 200 OK
2026-02-24 10:23:38.285 DEBUG 195469 --- [freshExecutor-0] o.s.w.c.RestTemplate                     : Reading to [org.springframework.cloud.netflix.eureka.http.EurekaApplications]
2026-02-24 10:23:42.746 DEBUG 195469 --- [tbeatExecutor-0] o.s.w.c.RestTemplate                     : HTTP PUT http://localhost:8761/eureka/apps/EGOVADMINLOGIN/10.255.255.254:EgovAdminLogin:18021?status=UP&lastDirtyTimestamp=1771896195261
2026-02-24 10:23:42.750 DEBUG 195469 --- [tbeatExecutor-0] o.s.w.c.RestTemplate                     : Accept=[application/json, application/*+json]
2026-02-24 10:23:42.754 DEBUG 195469 --- [tbeatExecutor-0] o.s.w.c.RestTemplate                     : Response 200 OK
2026-02-24 10:23:42.787 DEBUG 195469 --- [freshExecutor-0] o.s.w.c.RestTemplate                     : HTTP GET http://localhost:8761/eureka/apps/delta
2026-02-24 10:23:42.788 DEBUG 195469 --- [freshExecutor-0] o.s.w.c.RestTemplate                     : Accept=[application/json, application/*+json]
2026-02-24 10:23:42.791 DEBUG 195469 --- [freshExecutor-0] o.s.w.c.RestTemplate                     : Response 200 OK
2026-02-24 10:23:42.791 DEBUG 195469 --- [freshExecutor-0] o.s.w.c.RestTemplate                     : Reading to [org.springframework.cloud.netflix.eureka.http.EurekaApplications]
2026-02-24 10:23:47.194 DEBUG 195469 --- [freshExecutor-0] o.s.w.c.RestTemplate                     : HTTP GET http://localhost:8761/eureka/apps/delta
2026-02-24 10:23:47.194 DEBUG 195469 --- [freshExecutor-0] o.s.w.c.RestTemplate                     : Accept=[application/json, application/*+json]
2026-02-24 10:23:47.197 DEBUG 195469 --- [freshExecutor-0] o.s.w.c.RestTemplate                     : Response 200 OK
2026-02-24 10:23:47.197 DEBUG 195469 --- [freshExecutor-0] o.s.w.c.RestTemplate                     : Reading to [org.springframework.cloud.netflix.eureka.http.EurekaApplications]
2026-02-24 10:23:51.799 DEBUG 195469 --- [freshExecutor-0] o.s.w.c.RestTemplate                     : HTTP GET http://localhost:8761/eureka/apps/delta
2026-02-24 10:23:51.800 DEBUG 195469 --- [freshExecutor-0] o.s.w.c.RestTemplate                     : Accept=[application/json, application/*+json]
2026-02-24 10:23:51.803 DEBUG 195469 --- [freshExecutor-0] o.s.w.c.RestTemplate                     : Response 200 OK
2026-02-24 10:23:51.803 DEBUG 195469 --- [freshExecutor-0] o.s.w.c.RestTemplate                     : Reading to [org.springframework.cloud.netflix.eureka.http.EurekaApplications]
2026-02-24 10:23:56.302 DEBUG 195469 --- [freshExecutor-0] o.s.w.c.RestTemplate                     : HTTP GET http://localhost:8761/eureka/apps/delta
2026-02-24 10:23:56.303 DEBUG 195469 --- [freshExecutor-0] o.s.w.c.RestTemplate                     : Accept=[application/json, application/*+json]
2026-02-24 10:23:56.307 DEBUG 195469 --- [freshExecutor-0] o.s.w.c.RestTemplate                     : Response 200 OK
2026-02-24 10:23:56.307 DEBUG 195469 --- [freshExecutor-0] o.s.w.c.RestTemplate                     : Reading to [org.springframework.cloud.netflix.eureka.http.EurekaApplications]
2026-02-24 10:24:00.821 DEBUG 195469 --- [freshExecutor-0] o.s.w.c.RestTemplate                     : HTTP GET http://localhost:8761/eureka/apps/delta
2026-02-24 10:24:00.821 DEBUG 195469 --- [freshExecutor-0] o.s.w.c.RestTemplate                     : Accept=[application/json, application/*+json]
2026-02-24 10:24:00.824 DEBUG 195469 --- [freshExecutor-0] o.s.w.c.RestTemplate                     : Response 200 OK
2026-02-24 10:24:00.824 DEBUG 195469 --- [freshExecutor-0] o.s.w.c.RestTemplate                     : Reading to [org.springframework.cloud.netflix.eureka.http.EurekaApplications]
2026-02-24 10:24:05.323 DEBUG 195469 --- [freshExecutor-0] o.s.w.c.RestTemplate                     : HTTP GET http://localhost:8761/eureka/apps/delta
2026-02-24 10:24:05.323 DEBUG 195469 --- [freshExecutor-0] o.s.w.c.RestTemplate                     : Accept=[application/json, application/*+json]
2026-02-24 10:24:05.327 DEBUG 195469 --- [freshExecutor-0] o.s.w.c.RestTemplate                     : Response 200 OK
2026-02-24 10:24:05.327 DEBUG 195469 --- [freshExecutor-0] o.s.w.c.RestTemplate                     : Reading to [org.springframework.cloud.netflix.eureka.http.EurekaApplications]
2026-02-24 10:24:09.753 DEBUG 195469 --- [tbeatExecutor-0] o.s.w.c.RestTemplate                     : HTTP PUT http://localhost:8761/eureka/apps/EGOVADMINLOGIN/10.255.255.254:EgovAdminLogin:18021?status=UP&lastDirtyTimestamp=1771896195261
2026-02-24 10:24:09.754 DEBUG 195469 --- [tbeatExecutor-0] o.s.w.c.RestTemplate                     : Accept=[application/json, application/*+json]
2026-02-24 10:24:09.757 DEBUG 195469 --- [tbeatExecutor-0] o.s.w.c.RestTemplate                     : Response 200 OK
2026-02-24 10:24:09.822 DEBUG 195469 --- [freshExecutor-0] o.s.w.c.RestTemplate                     : HTTP GET http://localhost:8761/eureka/apps/delta
2026-02-24 10:24:09.822 DEBUG 195469 --- [freshExecutor-0] o.s.w.c.RestTemplate                     : Accept=[application/json, application/*+json]
2026-02-24 10:24:09.825 DEBUG 195469 --- [freshExecutor-0] o.s.w.c.RestTemplate                     : Response 200 OK
2026-02-24 10:24:09.825 DEBUG 195469 --- [freshExecutor-0] o.s.w.c.RestTemplate                     : Reading to [org.springframework.cloud.netflix.eureka.http.EurekaApplications]
2026-02-24 10:24:14.327 DEBUG 195469 --- [freshExecutor-0] o.s.w.c.RestTemplate                     : HTTP GET http://localhost:8761/eureka/apps/delta
2026-02-24 10:24:14.328 DEBUG 195469 --- [freshExecutor-0] o.s.w.c.RestTemplate                     : Accept=[application/json, application/*+json]
2026-02-24 10:24:14.331 DEBUG 195469 --- [freshExecutor-0] o.s.w.c.RestTemplate                     : Response 200 OK
2026-02-24 10:24:14.331 DEBUG 195469 --- [freshExecutor-0] o.s.w.c.RestTemplate                     : Reading to [org.springframework.cloud.netflix.eureka.http.EurekaApplications]
2026-02-24 10:24:18.841 DEBUG 195469 --- [freshExecutor-0] o.s.w.c.RestTemplate                     : HTTP GET http://localhost:8761/eureka/apps/delta
2026-02-24 10:24:18.841 DEBUG 195469 --- [freshExecutor-0] o.s.w.c.RestTemplate                     : Accept=[application/json, application/*+json]
2026-02-24 10:24:18.845 DEBUG 195469 --- [freshExecutor-0] o.s.w.c.RestTemplate                     : Response 200 OK
2026-02-24 10:24:18.845 DEBUG 195469 --- [freshExecutor-0] o.s.w.c.RestTemplate                     : Reading to [org.springframework.cloud.netflix.eureka.http.EurekaApplications]
2026-02-24 10:24:23.341 DEBUG 195469 --- [freshExecutor-0] o.s.w.c.RestTemplate                     : HTTP GET http://localhost:8761/eureka/apps/delta
2026-02-24 10:24:23.342 DEBUG 195469 --- [freshExecutor-0] o.s.w.c.RestTemplate                     : Accept=[application/json, application/*+json]
2026-02-24 10:24:23.344 DEBUG 195469 --- [freshExecutor-0] o.s.w.c.RestTemplate                     : Response 200 OK
2026-02-24 10:24:23.345 DEBUG 195469 --- [freshExecutor-0] o.s.w.c.RestTemplate                     : Reading to [org.springframework.cloud.netflix.eureka.http.EurekaApplications]
2026-02-24 10:24:28.348 DEBUG 195469 --- [freshExecutor-0] o.s.w.c.RestTemplate                     : HTTP GET http://localhost:8761/eureka/apps/delta
2026-02-24 10:24:28.348 DEBUG 195469 --- [freshExecutor-0] o.s.w.c.RestTemplate                     : Accept=[application/json, application/*+json]
2026-02-24 10:24:28.351 DEBUG 195469 --- [freshExecutor-0] o.s.w.c.RestTemplate                     : Response 200 OK
2026-02-24 10:24:28.351 DEBUG 195469 --- [freshExecutor-0] o.s.w.c.RestTemplate                     : Reading to [org.springframework.cloud.netflix.eureka.http.EurekaApplications]
2026-02-24 10:24:32.849 DEBUG 195469 --- [freshExecutor-0] o.s.w.c.RestTemplate                     : HTTP GET http://localhost:8761/eureka/apps/delta
2026-02-24 10:24:32.850 DEBUG 195469 --- [freshExecutor-0] o.s.w.c.RestTemplate                     : Accept=[application/json, application/*+json]
2026-02-24 10:24:32.853 DEBUG 195469 --- [freshExecutor-0] o.s.w.c.RestTemplate                     : Response 200 OK
2026-02-24 10:24:32.853 DEBUG 195469 --- [freshExecutor-0] o.s.w.c.RestTemplate                     : Reading to [org.springframework.cloud.netflix.eureka.http.EurekaApplications]
2026-02-24 10:24:37.271 DEBUG 195469 --- [tbeatExecutor-0] o.s.w.c.RestTemplate                     : HTTP PUT http://localhost:8761/eureka/apps/EGOVADMINLOGIN/10.255.255.254:EgovAdminLogin:18021?status=UP&lastDirtyTimestamp=1771896195261
2026-02-24 10:24:37.271 DEBUG 195469 --- [tbeatExecutor-0] o.s.w.c.RestTemplate                     : Accept=[application/json, application/*+json]
2026-02-24 10:24:37.274 DEBUG 195469 --- [tbeatExecutor-0] o.s.w.c.RestTemplate                     : Response 200 OK
2026-02-24 10:24:37.371 DEBUG 195469 --- [freshExecutor-0] o.s.w.c.RestTemplate                     : HTTP GET http://localhost:8761/eureka/apps/delta
2026-02-24 10:24:37.371 DEBUG 195469 --- [freshExecutor-0] o.s.w.c.RestTemplate                     : Accept=[application/json, application/*+json]
2026-02-24 10:24:37.374 DEBUG 195469 --- [freshExecutor-0] o.s.w.c.RestTemplate                     : Response 200 OK
2026-02-24 10:24:37.374 DEBUG 195469 --- [freshExecutor-0] o.s.w.c.RestTemplate                     : Reading to [org.springframework.cloud.netflix.eureka.http.EurekaApplications]
2026-02-24 10:24:41.812 DEBUG 195469 --- [freshExecutor-0] o.s.w.c.RestTemplate                     : HTTP GET http://localhost:8761/eureka/apps/delta
2026-02-24 10:24:41.813 DEBUG 195469 --- [freshExecutor-0] o.s.w.c.RestTemplate                     : Accept=[application/json, application/*+json]
2026-02-24 10:24:41.816 DEBUG 195469 --- [freshExecutor-0] o.s.w.c.RestTemplate                     : Response 200 OK
2026-02-24 10:24:41.816 DEBUG 195469 --- [freshExecutor-0] o.s.w.c.RestTemplate                     : Reading to [org.springframework.cloud.netflix.eureka.http.EurekaApplications]
2026-02-24 10:24:46.374 DEBUG 195469 --- [freshExecutor-0] o.s.w.c.RestTemplate                     : HTTP GET http://localhost:8761/eureka/apps/delta
2026-02-24 10:24:46.374 DEBUG 195469 --- [freshExecutor-0] o.s.w.c.RestTemplate                     : Accept=[application/json, application/*+json]
2026-02-24 10:24:46.377 DEBUG 195469 --- [freshExecutor-0] o.s.w.c.RestTemplate                     : Response 200 OK
2026-02-24 10:24:46.377 DEBUG 195469 --- [freshExecutor-0] o.s.w.c.RestTemplate                     : Reading to [org.springframework.cloud.netflix.eureka.http.EurekaApplications]
2026-02-24 10:24:50.878 DEBUG 195469 --- [freshExecutor-0] o.s.w.c.RestTemplate                     : HTTP GET http://localhost:8761/eureka/apps/delta
2026-02-24 10:24:50.879 DEBUG 195469 --- [freshExecutor-0] o.s.w.c.RestTemplate                     : Accept=[application/json, application/*+json]
2026-02-24 10:24:50.881 DEBUG 195469 --- [freshExecutor-0] o.s.w.c.RestTemplate                     : Response 200 OK
2026-02-24 10:24:50.881 DEBUG 195469 --- [freshExecutor-0] o.s.w.c.RestTemplate                     : Reading to [org.springframework.cloud.netflix.eureka.http.EurekaApplications]
2026-02-24 10:24:55.400 DEBUG 195469 --- [freshExecutor-0] o.s.w.c.RestTemplate                     : HTTP GET http://localhost:8761/eureka/apps/delta
2026-02-24 10:24:55.400 DEBUG 195469 --- [freshExecutor-0] o.s.w.c.RestTemplate                     : Accept=[application/json, application/*+json]
2026-02-24 10:24:55.402 DEBUG 195469 --- [freshExecutor-0] o.s.w.c.RestTemplate                     : Response 200 OK
2026-02-24 10:24:55.403 DEBUG 195469 --- [freshExecutor-0] o.s.w.c.RestTemplate                     : Reading to [org.springframework.cloud.netflix.eureka.http.EurekaApplications]
2026-02-24 10:24:59.885 DEBUG 195469 --- [freshExecutor-0] o.s.w.c.RestTemplate                     : HTTP GET http://localhost:8761/eureka/apps/delta
2026-02-24 10:24:59.886 DEBUG 195469 --- [freshExecutor-0] o.s.w.c.RestTemplate                     : Accept=[application/json, application/*+json]
2026-02-24 10:24:59.889 DEBUG 195469 --- [freshExecutor-0] o.s.w.c.RestTemplate                     : Response 200 OK
2026-02-24 10:24:59.889 DEBUG 195469 --- [freshExecutor-0] o.s.w.c.RestTemplate                     : Reading to [org.springframework.cloud.netflix.eureka.http.EurekaApplications]
2026-02-24 10:25:04.278 DEBUG 195469 --- [tbeatExecutor-0] o.s.w.c.RestTemplate                     : HTTP PUT http://localhost:8761/eureka/apps/EGOVADMINLOGIN/10.255.255.254:EgovAdminLogin:18021?status=UP&lastDirtyTimestamp=1771896195261
2026-02-24 10:25:04.278 DEBUG 195469 --- [tbeatExecutor-0] o.s.w.c.RestTemplate                     : Accept=[application/json, application/*+json]
2026-02-24 10:25:04.282 DEBUG 195469 --- [tbeatExecutor-0] o.s.w.c.RestTemplate                     : Response 200 OK
2026-02-24 10:25:04.414 DEBUG 195469 --- [freshExecutor-0] o.s.w.c.RestTemplate                     : HTTP GET http://localhost:8761/eureka/apps/delta
2026-02-24 10:25:04.414 DEBUG 195469 --- [freshExecutor-0] o.s.w.c.RestTemplate                     : Accept=[application/json, application/*+json]
2026-02-24 10:25:04.417 DEBUG 195469 --- [freshExecutor-0] o.s.w.c.RestTemplate                     : Response 200 OK
2026-02-24 10:25:04.417 DEBUG 195469 --- [freshExecutor-0] o.s.w.c.RestTemplate                     : Reading to [org.springframework.cloud.netflix.eureka.http.EurekaApplications]
2026-02-24 10:25:08.908 DEBUG 195469 --- [freshExecutor-0] o.s.w.c.RestTemplate                     : HTTP GET http://localhost:8761/eureka/apps/delta
2026-02-24 10:25:08.908 DEBUG 195469 --- [freshExecutor-0] o.s.w.c.RestTemplate                     : Accept=[application/json, application/*+json]
2026-02-24 10:25:08.911 DEBUG 195469 --- [freshExecutor-0] o.s.w.c.RestTemplate                     : Response 200 OK
2026-02-24 10:25:08.911 DEBUG 195469 --- [freshExecutor-0] o.s.w.c.RestTemplate                     : Reading to [org.springframework.cloud.netflix.eureka.http.EurekaApplications]
2026-02-24 10:25:13.413 DEBUG 195469 --- [freshExecutor-0] o.s.w.c.RestTemplate                     : HTTP GET http://localhost:8761/eureka/apps/delta
2026-02-24 10:25:13.414 DEBUG 195469 --- [freshExecutor-0] o.s.w.c.RestTemplate                     : Accept=[application/json, application/*+json]
2026-02-24 10:25:13.417 DEBUG 195469 --- [freshExecutor-0] o.s.w.c.RestTemplate                     : Response 200 OK
2026-02-24 10:25:13.417 DEBUG 195469 --- [freshExecutor-0] o.s.w.c.RestTemplate                     : Reading to [org.springframework.cloud.netflix.eureka.http.EurekaApplications]
2026-02-24 10:25:18.419 DEBUG 195469 --- [freshExecutor-0] o.s.w.c.RestTemplate                     : HTTP GET http://localhost:8761/eureka/apps/delta
2026-02-24 10:25:18.419 DEBUG 195469 --- [freshExecutor-0] o.s.w.c.RestTemplate                     : Accept=[application/json, application/*+json]
2026-02-24 10:25:18.422 DEBUG 195469 --- [freshExecutor-0] o.s.w.c.RestTemplate                     : Response 200 OK
2026-02-24 10:25:18.423 DEBUG 195469 --- [freshExecutor-0] o.s.w.c.RestTemplate                     : Reading to [org.springframework.cloud.netflix.eureka.http.EurekaApplications]
2026-02-24 10:25:22.916 DEBUG 195469 --- [freshExecutor-0] o.s.w.c.RestTemplate                     : HTTP GET http://localhost:8761/eureka/apps/delta
2026-02-24 10:25:22.917 DEBUG 195469 --- [freshExecutor-0] o.s.w.c.RestTemplate                     : Accept=[application/json, application/*+json]
2026-02-24 10:25:22.921 DEBUG 195469 --- [freshExecutor-0] o.s.w.c.RestTemplate                     : Response 200 OK
2026-02-24 10:25:22.921 DEBUG 195469 --- [freshExecutor-0] o.s.w.c.RestTemplate                     : Reading to [org.springframework.cloud.netflix.eureka.http.EurekaApplications]
2026-02-24 10:25:27.441 DEBUG 195469 --- [freshExecutor-0] o.s.w.c.RestTemplate                     : HTTP GET http://localhost:8761/eureka/apps/delta
2026-02-24 10:25:27.441 DEBUG 195469 --- [freshExecutor-0] o.s.w.c.RestTemplate                     : Accept=[application/json, application/*+json]
2026-02-24 10:25:27.445 DEBUG 195469 --- [freshExecutor-0] o.s.w.c.RestTemplate                     : Response 200 OK
2026-02-24 10:25:27.445 DEBUG 195469 --- [freshExecutor-0] o.s.w.c.RestTemplate                     : Reading to [org.springframework.cloud.netflix.eureka.http.EurekaApplications]
2026-02-24 10:25:31.755 DEBUG 195469 --- [tbeatExecutor-0] o.s.w.c.RestTemplate                     : HTTP PUT http://localhost:8761/eureka/apps/EGOVADMINLOGIN/10.255.255.254:EgovAdminLogin:18021?status=UP&lastDirtyTimestamp=1771896195261
2026-02-24 10:25:31.755 DEBUG 195469 --- [tbeatExecutor-0] o.s.w.c.RestTemplate                     : Accept=[application/json, application/*+json]
2026-02-24 10:25:31.758 DEBUG 195469 --- [tbeatExecutor-0] o.s.w.c.RestTemplate                     : Response 200 OK
2026-02-24 10:25:31.924 DEBUG 195469 --- [freshExecutor-0] o.s.w.c.RestTemplate                     : HTTP GET http://localhost:8761/eureka/apps/delta
2026-02-24 10:25:31.924 DEBUG 195469 --- [freshExecutor-0] o.s.w.c.RestTemplate                     : Accept=[application/json, application/*+json]
2026-02-24 10:25:31.927 DEBUG 195469 --- [freshExecutor-0] o.s.w.c.RestTemplate                     : Response 200 OK
2026-02-24 10:25:31.927 DEBUG 195469 --- [freshExecutor-0] o.s.w.c.RestTemplate                     : Reading to [org.springframework.cloud.netflix.eureka.http.EurekaApplications]
2026-02-24 10:25:36.451 DEBUG 195469 --- [freshExecutor-0] o.s.w.c.RestTemplate                     : HTTP GET http://localhost:8761/eureka/apps/delta
2026-02-24 10:25:36.452 DEBUG 195469 --- [freshExecutor-0] o.s.w.c.RestTemplate                     : Accept=[application/json, application/*+json]
2026-02-24 10:25:36.455 DEBUG 195469 --- [freshExecutor-0] o.s.w.c.RestTemplate                     : Response 200 OK
2026-02-24 10:25:36.456 DEBUG 195469 --- [freshExecutor-0] o.s.w.c.RestTemplate                     : Reading to [org.springframework.cloud.netflix.eureka.http.EurekaApplications]
2026-02-24 10:25:40.954 DEBUG 195469 --- [freshExecutor-0] o.s.w.c.RestTemplate                     : HTTP GET http://localhost:8761/eureka/apps/delta
2026-02-24 10:25:40.954 DEBUG 195469 --- [freshExecutor-0] o.s.w.c.RestTemplate                     : Accept=[application/json, application/*+json]
2026-02-24 10:25:40.957 DEBUG 195469 --- [freshExecutor-0] o.s.w.c.RestTemplate                     : Response 200 OK
2026-02-24 10:25:40.957 DEBUG 195469 --- [freshExecutor-0] o.s.w.c.RestTemplate                     : Reading to [org.springframework.cloud.netflix.eureka.http.EurekaApplications]
2026-02-24 10:25:45.445 DEBUG 195469 --- [freshExecutor-0] o.s.w.c.RestTemplate                     : HTTP GET http://localhost:8761/eureka/apps/delta
2026-02-24 10:25:45.445 DEBUG 195469 --- [freshExecutor-0] o.s.w.c.RestTemplate                     : Accept=[application/json, application/*+json]
2026-02-24 10:25:45.448 DEBUG 195469 --- [freshExecutor-0] o.s.w.c.RestTemplate                     : Response 200 OK
2026-02-24 10:25:45.448 DEBUG 195469 --- [freshExecutor-0] o.s.w.c.RestTemplate                     : Reading to [org.springframework.cloud.netflix.eureka.http.EurekaApplications]
2026-02-24 10:25:49.963 DEBUG 195469 --- [freshExecutor-0] o.s.w.c.RestTemplate                     : HTTP GET http://localhost:8761/eureka/apps/delta
2026-02-24 10:25:49.963 DEBUG 195469 --- [freshExecutor-0] o.s.w.c.RestTemplate                     : Accept=[application/json, application/*+json]
2026-02-24 10:25:49.966 DEBUG 195469 --- [freshExecutor-0] o.s.w.c.RestTemplate                     : Response 200 OK
2026-02-24 10:25:49.966 DEBUG 195469 --- [freshExecutor-0] o.s.w.c.RestTemplate                     : Reading to [org.springframework.cloud.netflix.eureka.http.EurekaApplications]
2026-02-24 10:25:54.449 DEBUG 195469 --- [freshExecutor-0] o.s.w.c.RestTemplate                     : HTTP GET http://localhost:8761/eureka/apps/delta
2026-02-24 10:25:54.449 DEBUG 195469 --- [freshExecutor-0] o.s.w.c.RestTemplate                     : Accept=[application/json, application/*+json]
2026-02-24 10:25:54.452 DEBUG 195469 --- [freshExecutor-0] o.s.w.c.RestTemplate                     : Response 200 OK
2026-02-24 10:25:54.452 DEBUG 195469 --- [freshExecutor-0] o.s.w.c.RestTemplate                     : Reading to [org.springframework.cloud.netflix.eureka.http.EurekaApplications]
2026-02-24 10:25:58.764 DEBUG 195469 --- [tbeatExecutor-0] o.s.w.c.RestTemplate                     : HTTP PUT http://localhost:8761/eureka/apps/EGOVADMINLOGIN/10.255.255.254:EgovAdminLogin:18021?status=UP&lastDirtyTimestamp=1771896195261
2026-02-24 10:25:58.765 DEBUG 195469 --- [tbeatExecutor-0] o.s.w.c.RestTemplate                     : Accept=[application/json, application/*+json]
2026-02-24 10:25:58.767 DEBUG 195469 --- [tbeatExecutor-0] o.s.w.c.RestTemplate                     : Response 200 OK
2026-02-24 10:25:58.960 DEBUG 195469 --- [freshExecutor-0] o.s.w.c.RestTemplate                     : HTTP GET http://localhost:8761/eureka/apps/delta
2026-02-24 10:25:58.961 DEBUG 195469 --- [freshExecutor-0] o.s.w.c.RestTemplate                     : Accept=[application/json, application/*+json]
2026-02-24 10:25:58.964 DEBUG 195469 --- [freshExecutor-0] o.s.w.c.RestTemplate                     : Response 200 OK
2026-02-24 10:25:58.965 DEBUG 195469 --- [freshExecutor-0] o.s.w.c.RestTemplate                     : Reading to [org.springframework.cloud.netflix.eureka.http.EurekaApplications]
2026-02-24 10:26:03.475 DEBUG 195469 --- [freshExecutor-0] o.s.w.c.RestTemplate                     : HTTP GET http://localhost:8761/eureka/apps/delta
2026-02-24 10:26:03.475 DEBUG 195469 --- [freshExecutor-0] o.s.w.c.RestTemplate                     : Accept=[application/json, application/*+json]
2026-02-24 10:26:03.478 DEBUG 195469 --- [freshExecutor-0] o.s.w.c.RestTemplate                     : Response 200 OK
2026-02-24 10:26:03.478 DEBUG 195469 --- [freshExecutor-0] o.s.w.c.RestTemplate                     : Reading to [org.springframework.cloud.netflix.eureka.http.EurekaApplications]
2026-02-24 10:26:08.480 DEBUG 195469 --- [freshExecutor-0] o.s.w.c.RestTemplate                     : HTTP GET http://localhost:8761/eureka/apps/delta
2026-02-24 10:26:08.480 DEBUG 195469 --- [freshExecutor-0] o.s.w.c.RestTemplate                     : Accept=[application/json, application/*+json]
2026-02-24 10:26:08.482 DEBUG 195469 --- [freshExecutor-0] o.s.w.c.RestTemplate                     : Response 200 OK
2026-02-24 10:26:08.483 DEBUG 195469 --- [freshExecutor-0] o.s.w.c.RestTemplate                     : Reading to [org.springframework.cloud.netflix.eureka.http.EurekaApplications]
2026-02-24 10:26:12.979 DEBUG 195469 --- [freshExecutor-0] o.s.w.c.RestTemplate                     : HTTP GET http://localhost:8761/eureka/apps/delta
2026-02-24 10:26:12.979 DEBUG 195469 --- [freshExecutor-0] o.s.w.c.RestTemplate                     : Accept=[application/json, application/*+json]
2026-02-24 10:26:12.982 DEBUG 195469 --- [freshExecutor-0] o.s.w.c.RestTemplate                     : Response 200 OK
2026-02-24 10:26:12.982 DEBUG 195469 --- [freshExecutor-0] o.s.w.c.RestTemplate                     : Reading to [org.springframework.cloud.netflix.eureka.http.EurekaApplications]
2026-02-24 10:26:17.478 DEBUG 195469 --- [freshExecutor-0] o.s.w.c.RestTemplate                     : HTTP GET http://localhost:8761/eureka/apps/delta
2026-02-24 10:26:17.479 DEBUG 195469 --- [freshExecutor-0] o.s.w.c.RestTemplate                     : Accept=[application/json, application/*+json]
2026-02-24 10:26:17.481 DEBUG 195469 --- [freshExecutor-0] o.s.w.c.RestTemplate                     : Response 200 OK
2026-02-24 10:26:17.482 DEBUG 195469 --- [freshExecutor-0] o.s.w.c.RestTemplate                     : Reading to [org.springframework.cloud.netflix.eureka.http.EurekaApplications]
2026-02-24 10:26:21.979 DEBUG 195469 --- [freshExecutor-0] o.s.w.c.RestTemplate                     : HTTP GET http://localhost:8761/eureka/apps/delta
2026-02-24 10:26:21.980 DEBUG 195469 --- [freshExecutor-0] o.s.w.c.RestTemplate                     : Accept=[application/json, application/*+json]
2026-02-24 10:26:21.982 DEBUG 195469 --- [freshExecutor-0] o.s.w.c.RestTemplate                     : Response 200 OK
2026-02-24 10:26:21.982 DEBUG 195469 --- [freshExecutor-0] o.s.w.c.RestTemplate                     : Reading to [org.springframework.cloud.netflix.eureka.http.EurekaApplications]
2026-02-24 10:26:26.283 DEBUG 195469 --- [tbeatExecutor-0] o.s.w.c.RestTemplate                     : HTTP PUT http://localhost:8761/eureka/apps/EGOVADMINLOGIN/10.255.255.254:EgovAdminLogin:18021?status=UP&lastDirtyTimestamp=1771896195261
2026-02-24 10:26:26.283 DEBUG 195469 --- [tbeatExecutor-0] o.s.w.c.RestTemplate                     : Accept=[application/json, application/*+json]
2026-02-24 10:26:26.286 DEBUG 195469 --- [tbeatExecutor-0] o.s.w.c.RestTemplate                     : Response 200 OK
2026-02-24 10:26:26.504 DEBUG 195469 --- [freshExecutor-0] o.s.w.c.RestTemplate                     : HTTP GET http://localhost:8761/eureka/apps/delta
2026-02-24 10:26:26.505 DEBUG 195469 --- [freshExecutor-0] o.s.w.c.RestTemplate                     : Accept=[application/json, application/*+json]
2026-02-24 10:26:26.507 DEBUG 195469 --- [freshExecutor-0] o.s.w.c.RestTemplate                     : Response 200 OK
2026-02-24 10:26:26.507 DEBUG 195469 --- [freshExecutor-0] o.s.w.c.RestTemplate                     : Reading to [org.springframework.cloud.netflix.eureka.http.EurekaApplications]
2026-02-24 10:26:30.988 DEBUG 195469 --- [freshExecutor-0] o.s.w.c.RestTemplate                     : HTTP GET http://localhost:8761/eureka/apps/delta
2026-02-24 10:26:30.988 DEBUG 195469 --- [freshExecutor-0] o.s.w.c.RestTemplate                     : Accept=[application/json, application/*+json]
2026-02-24 10:26:30.990 DEBUG 195469 --- [freshExecutor-0] o.s.w.c.RestTemplate                     : Response 200 OK
2026-02-24 10:26:30.991 DEBUG 195469 --- [freshExecutor-0] o.s.w.c.RestTemplate                     : Reading to [org.springframework.cloud.netflix.eureka.http.EurekaApplications]
2026-02-24 10:26:35.493 DEBUG 195469 --- [freshExecutor-0] o.s.w.c.RestTemplate                     : HTTP GET http://localhost:8761/eureka/apps/delta
2026-02-24 10:26:35.493 DEBUG 195469 --- [freshExecutor-0] o.s.w.c.RestTemplate                     : Accept=[application/json, application/*+json]
2026-02-24 10:26:35.496 DEBUG 195469 --- [freshExecutor-0] o.s.w.c.RestTemplate                     : Response 200 OK
2026-02-24 10:26:35.497 DEBUG 195469 --- [freshExecutor-0] o.s.w.c.RestTemplate                     : Reading to [org.springframework.cloud.netflix.eureka.http.EurekaApplications]
2026-02-24 10:26:39.995 DEBUG 195469 --- [freshExecutor-0] o.s.w.c.RestTemplate                     : HTTP GET http://localhost:8761/eureka/apps/delta
2026-02-24 10:26:39.996 DEBUG 195469 --- [freshExecutor-0] o.s.w.c.RestTemplate                     : Accept=[application/json, application/*+json]
2026-02-24 10:26:39.998 DEBUG 195469 --- [freshExecutor-0] o.s.w.c.RestTemplate                     : Response 200 OK
2026-02-24 10:26:39.999 DEBUG 195469 --- [freshExecutor-0] o.s.w.c.RestTemplate                     : Reading to [org.springframework.cloud.netflix.eureka.http.EurekaApplications]
2026-02-24 10:26:44.497 DEBUG 195469 --- [freshExecutor-0] o.s.w.c.RestTemplate                     : HTTP GET http://localhost:8761/eureka/apps/delta
2026-02-24 10:26:44.497 DEBUG 195469 --- [freshExecutor-0] o.s.w.c.RestTemplate                     : Accept=[application/json, application/*+json]
2026-02-24 10:26:44.500 DEBUG 195469 --- [freshExecutor-0] o.s.w.c.RestTemplate                     : Response 200 OK
2026-02-24 10:26:44.500 DEBUG 195469 --- [freshExecutor-0] o.s.w.c.RestTemplate                     : Reading to [org.springframework.cloud.netflix.eureka.http.EurekaApplications]
2026-02-24 10:26:49.001 DEBUG 195469 --- [freshExecutor-0] o.s.w.c.RestTemplate                     : HTTP GET http://localhost:8761/eureka/apps/delta
2026-02-24 10:26:49.001 DEBUG 195469 --- [freshExecutor-0] o.s.w.c.RestTemplate                     : Accept=[application/json, application/*+json]
2026-02-24 10:26:49.003 DEBUG 195469 --- [freshExecutor-0] o.s.w.c.RestTemplate                     : Response 200 OK
2026-02-24 10:26:49.003 DEBUG 195469 --- [freshExecutor-0] o.s.w.c.RestTemplate                     : Reading to [org.springframework.cloud.netflix.eureka.http.EurekaApplications]
2026-02-24 10:26:58.922 DEBUG 195469 --- [tbeatExecutor-0] o.s.w.c.RestTemplate                     : HTTP PUT http://localhost:8761/eureka/apps/EGOVADMINLOGIN/10.255.255.254:EgovAdminLogin:18021?status=UP&lastDirtyTimestamp=1771896195261
2026-02-24 10:26:58.922 DEBUG 195469 --- [tbeatExecutor-0] o.s.w.c.RestTemplate                     : Accept=[application/json, application/*+json]
2026-02-24 10:26:58.925 DEBUG 195469 --- [tbeatExecutor-0] o.s.w.c.RestTemplate                     : Response 200 OK
2026-02-24 10:26:53.508 DEBUG 195469 --- [freshExecutor-0] o.s.w.c.RestTemplate                     : HTTP GET http://localhost:8761/eureka/apps/delta
2026-02-24 10:26:53.508 DEBUG 195469 --- [freshExecutor-0] o.s.w.c.RestTemplate                     : Accept=[application/json, application/*+json]
2026-02-24 10:26:53.510 DEBUG 195469 --- [freshExecutor-0] o.s.w.c.RestTemplate                     : Response 200 OK
2026-02-24 10:26:53.510 DEBUG 195469 --- [freshExecutor-0] o.s.w.c.RestTemplate                     : Reading to [org.springframework.cloud.netflix.eureka.http.EurekaApplications]
2026-02-24 10:26:58.343 DEBUG 195469 --- [freshExecutor-0] o.s.w.c.RestTemplate                     : HTTP GET http://localhost:8761/eureka/apps/delta
2026-02-24 10:26:58.343 DEBUG 195469 --- [freshExecutor-0] o.s.w.c.RestTemplate                     : Accept=[application/json, application/*+json]
2026-02-24 10:26:58.346 DEBUG 195469 --- [freshExecutor-0] o.s.w.c.RestTemplate                     : Response 200 OK
2026-02-24 10:26:58.346 DEBUG 195469 --- [freshExecutor-0] o.s.w.c.RestTemplate                     : Reading to [org.springframework.cloud.netflix.eureka.http.EurekaApplications]
2026-02-24 10:27:03.012 DEBUG 195469 --- [freshExecutor-0] o.s.w.c.RestTemplate                     : HTTP GET http://localhost:8761/eureka/apps/delta
2026-02-24 10:27:03.012 DEBUG 195469 --- [freshExecutor-0] o.s.w.c.RestTemplate                     : Accept=[application/json, application/*+json]
2026-02-24 10:27:03.015 DEBUG 195469 --- [freshExecutor-0] o.s.w.c.RestTemplate                     : Response 200 OK
2026-02-24 10:27:03.015 DEBUG 195469 --- [freshExecutor-0] o.s.w.c.RestTemplate                     : Reading to [org.springframework.cloud.netflix.eureka.http.EurekaApplications]
2026-02-24 10:27:07.516 DEBUG 195469 --- [freshExecutor-0] o.s.w.c.RestTemplate                     : HTTP GET http://localhost:8761/eureka/apps/delta
2026-02-24 10:27:07.516 DEBUG 195469 --- [freshExecutor-0] o.s.w.c.RestTemplate                     : Accept=[application/json, application/*+json]
2026-02-24 10:27:07.520 DEBUG 195469 --- [freshExecutor-0] o.s.w.c.RestTemplate                     : Response 200 OK
2026-02-24 10:27:07.520 DEBUG 195469 --- [freshExecutor-0] o.s.w.c.RestTemplate                     : Reading to [org.springframework.cloud.netflix.eureka.http.EurekaApplications]
2026-02-24 10:27:12.025 DEBUG 195469 --- [freshExecutor-0] o.s.w.c.RestTemplate                     : HTTP GET http://localhost:8761/eureka/apps/delta
2026-02-24 10:27:12.025 DEBUG 195469 --- [freshExecutor-0] o.s.w.c.RestTemplate                     : Accept=[application/json, application/*+json]
2026-02-24 10:27:12.028 DEBUG 195469 --- [freshExecutor-0] o.s.w.c.RestTemplate                     : Response 200 OK
2026-02-24 10:27:12.028 DEBUG 195469 --- [freshExecutor-0] o.s.w.c.RestTemplate                     : Reading to [org.springframework.cloud.netflix.eureka.http.EurekaApplications]
2026-02-24 10:27:16.539 DEBUG 195469 --- [freshExecutor-0] o.s.w.c.RestTemplate                     : HTTP GET http://localhost:8761/eureka/apps/delta
2026-02-24 10:27:16.539 DEBUG 195469 --- [freshExecutor-0] o.s.w.c.RestTemplate                     : Accept=[application/json, application/*+json]
2026-02-24 10:27:16.542 DEBUG 195469 --- [freshExecutor-0] o.s.w.c.RestTemplate                     : Response 200 OK
2026-02-24 10:27:16.542 DEBUG 195469 --- [freshExecutor-0] o.s.w.c.RestTemplate                     : Reading to [org.springframework.cloud.netflix.eureka.http.EurekaApplications]
2026-02-24 10:27:20.757 DEBUG 195469 --- [tbeatExecutor-0] o.s.w.c.RestTemplate                     : HTTP PUT http://localhost:8761/eureka/apps/EGOVADMINLOGIN/10.255.255.254:EgovAdminLogin:18021?status=UP&lastDirtyTimestamp=1771896195261
2026-02-24 10:27:20.757 DEBUG 195469 --- [tbeatExecutor-0] o.s.w.c.RestTemplate                     : Accept=[application/json, application/*+json]
2026-02-24 10:27:20.760 DEBUG 195469 --- [tbeatExecutor-0] o.s.w.c.RestTemplate                     : Response 200 OK
2026-02-24 10:27:21.030 DEBUG 195469 --- [freshExecutor-0] o.s.w.c.RestTemplate                     : HTTP GET http://localhost:8761/eureka/apps/delta
2026-02-24 10:27:21.030 DEBUG 195469 --- [freshExecutor-0] o.s.w.c.RestTemplate                     : Accept=[application/json, application/*+json]
2026-02-24 10:27:21.032 DEBUG 195469 --- [freshExecutor-0] o.s.w.c.RestTemplate                     : Response 200 OK
2026-02-24 10:27:21.033 DEBUG 195469 --- [freshExecutor-0] o.s.w.c.RestTemplate                     : Reading to [org.springframework.cloud.netflix.eureka.http.EurekaApplications]
2026-02-24 10:27:25.541 DEBUG 195469 --- [freshExecutor-0] o.s.w.c.RestTemplate                     : HTTP GET http://localhost:8761/eureka/apps/delta
2026-02-24 10:27:25.542 DEBUG 195469 --- [freshExecutor-0] o.s.w.c.RestTemplate                     : Accept=[application/json, application/*+json]
2026-02-24 10:27:25.546 DEBUG 195469 --- [freshExecutor-0] o.s.w.c.RestTemplate                     : Response 200 OK
2026-02-24 10:27:25.546 DEBUG 195469 --- [freshExecutor-0] o.s.w.c.RestTemplate                     : Reading to [org.springframework.cloud.netflix.eureka.http.EurekaApplications]
2026-02-24 10:27:30.044 DEBUG 195469 --- [freshExecutor-0] o.s.w.c.RestTemplate                     : HTTP GET http://localhost:8761/eureka/apps/delta
2026-02-24 10:27:30.044 DEBUG 195469 --- [freshExecutor-0] o.s.w.c.RestTemplate                     : Accept=[application/json, application/*+json]
2026-02-24 10:27:30.048 DEBUG 195469 --- [freshExecutor-0] o.s.w.c.RestTemplate                     : Response 200 OK
2026-02-24 10:27:30.048 DEBUG 195469 --- [freshExecutor-0] o.s.w.c.RestTemplate                     : Reading to [org.springframework.cloud.netflix.eureka.http.EurekaApplications]
2026-02-24 10:27:34.572 DEBUG 195469 --- [freshExecutor-0] o.s.w.c.RestTemplate                     : HTTP GET http://localhost:8761/eureka/apps/delta
2026-02-24 10:27:34.573 DEBUG 195469 --- [freshExecutor-0] o.s.w.c.RestTemplate                     : Accept=[application/json, application/*+json]
2026-02-24 10:27:34.576 DEBUG 195469 --- [freshExecutor-0] o.s.w.c.RestTemplate                     : Response 200 OK
2026-02-24 10:27:34.577 DEBUG 195469 --- [freshExecutor-0] o.s.w.c.RestTemplate                     : Reading to [org.springframework.cloud.netflix.eureka.http.EurekaApplications]
2026-02-24 10:27:39.068 DEBUG 195469 --- [freshExecutor-0] o.s.w.c.RestTemplate                     : HTTP GET http://localhost:8761/eureka/apps/delta
2026-02-24 10:27:39.068 DEBUG 195469 --- [freshExecutor-0] o.s.w.c.RestTemplate                     : Accept=[application/json, application/*+json]
2026-02-24 10:27:39.071 DEBUG 195469 --- [freshExecutor-0] o.s.w.c.RestTemplate                     : Response 200 OK
2026-02-24 10:27:39.071 DEBUG 195469 --- [freshExecutor-0] o.s.w.c.RestTemplate                     : Reading to [org.springframework.cloud.netflix.eureka.http.EurekaApplications]
2026-02-24 10:27:49.218 DEBUG 195469 --- [freshExecutor-0] o.s.w.c.RestTemplate                     : HTTP GET http://localhost:8761/eureka/apps/delta
2026-02-24 10:27:49.218 DEBUG 195469 --- [freshExecutor-0] o.s.w.c.RestTemplate                     : Accept=[application/json, application/*+json]
2026-02-24 10:27:49.221 DEBUG 195469 --- [freshExecutor-0] o.s.w.c.RestTemplate                     : Response 200 OK
2026-02-24 10:27:49.222 DEBUG 195469 --- [freshExecutor-0] o.s.w.c.RestTemplate                     : Reading to [org.springframework.cloud.netflix.eureka.http.EurekaApplications]
2026-02-24 10:27:48.096  INFO 195469 --- [trap-executor-0] c.n.d.s.r.a.ConfigClusterResolver        : Resolving eureka endpoints via configuration
2026-02-24 10:27:48.266 DEBUG 195469 --- [tbeatExecutor-0] o.s.w.c.RestTemplate                     : HTTP PUT http://localhost:8761/eureka/apps/EGOVADMINLOGIN/10.255.255.254:EgovAdminLogin:18021?status=UP&lastDirtyTimestamp=1771896195261
2026-02-24 10:27:48.266 DEBUG 195469 --- [tbeatExecutor-0] o.s.w.c.RestTemplate                     : Accept=[application/json, application/*+json]
2026-02-24 10:27:48.269 DEBUG 195469 --- [tbeatExecutor-0] o.s.w.c.RestTemplate                     : Response 200 OK
2026-02-24 10:27:48.566 DEBUG 195469 --- [freshExecutor-0] o.s.w.c.RestTemplate                     : HTTP GET http://localhost:8761/eureka/apps/delta
2026-02-24 10:27:48.566 DEBUG 195469 --- [freshExecutor-0] o.s.w.c.RestTemplate                     : Accept=[application/json, application/*+json]
2026-02-24 10:27:48.569 DEBUG 195469 --- [freshExecutor-0] o.s.w.c.RestTemplate                     : Response 200 OK
2026-02-24 10:27:48.569 DEBUG 195469 --- [freshExecutor-0] o.s.w.c.RestTemplate                     : Reading to [org.springframework.cloud.netflix.eureka.http.EurekaApplications]
2026-02-24 10:27:52.965 DEBUG 195469 --- [freshExecutor-0] o.s.w.c.RestTemplate                     : HTTP GET http://localhost:8761/eureka/apps/delta
2026-02-24 10:27:52.965 DEBUG 195469 --- [freshExecutor-0] o.s.w.c.RestTemplate                     : Accept=[application/json, application/*+json]
2026-02-24 10:27:52.968 DEBUG 195469 --- [freshExecutor-0] o.s.w.c.RestTemplate                     : Response 200 OK
2026-02-24 10:27:52.968 DEBUG 195469 --- [freshExecutor-0] o.s.w.c.RestTemplate                     : Reading to [org.springframework.cloud.netflix.eureka.http.EurekaApplications]
2026-02-24 10:27:57.585 DEBUG 195469 --- [freshExecutor-0] o.s.w.c.RestTemplate                     : HTTP GET http://localhost:8761/eureka/apps/delta
2026-02-24 10:27:57.585 DEBUG 195469 --- [freshExecutor-0] o.s.w.c.RestTemplate                     : Accept=[application/json, application/*+json]
2026-02-24 10:27:57.589 DEBUG 195469 --- [freshExecutor-0] o.s.w.c.RestTemplate                     : Response 200 OK
2026-02-24 10:27:57.589 DEBUG 195469 --- [freshExecutor-0] o.s.w.c.RestTemplate                     : Reading to [org.springframework.cloud.netflix.eureka.http.EurekaApplications]
2026-02-24 10:28:02.097 DEBUG 195469 --- [freshExecutor-0] o.s.w.c.RestTemplate                     : HTTP GET http://localhost:8761/eureka/apps/delta
2026-02-24 10:28:02.097 DEBUG 195469 --- [freshExecutor-0] o.s.w.c.RestTemplate                     : Accept=[application/json, application/*+json]
2026-02-24 10:28:02.101 DEBUG 195469 --- [freshExecutor-0] o.s.w.c.RestTemplate                     : Response 200 OK
2026-02-24 10:28:02.101 DEBUG 195469 --- [freshExecutor-0] o.s.w.c.RestTemplate                     : Reading to [org.springframework.cloud.netflix.eureka.http.EurekaApplications]
2026-02-24 10:28:06.595 DEBUG 195469 --- [freshExecutor-0] o.s.w.c.RestTemplate                     : HTTP GET http://localhost:8761/eureka/apps/delta
2026-02-24 10:28:06.596 DEBUG 195469 --- [freshExecutor-0] o.s.w.c.RestTemplate                     : Accept=[application/json, application/*+json]
2026-02-24 10:28:06.600 DEBUG 195469 --- [freshExecutor-0] o.s.w.c.RestTemplate                     : Response 200 OK
2026-02-24 10:28:06.600 DEBUG 195469 --- [freshExecutor-0] o.s.w.c.RestTemplate                     : Reading to [org.springframework.cloud.netflix.eureka.http.EurekaApplications]
2026-02-24 10:28:11.107 DEBUG 195469 --- [freshExecutor-0] o.s.w.c.RestTemplate                     : HTTP GET http://localhost:8761/eureka/apps/delta
2026-02-24 10:28:11.107 DEBUG 195469 --- [freshExecutor-0] o.s.w.c.RestTemplate                     : Accept=[application/json, application/*+json]
2026-02-24 10:28:11.110 DEBUG 195469 --- [freshExecutor-0] o.s.w.c.RestTemplate                     : Response 200 OK
2026-02-24 10:28:11.110 DEBUG 195469 --- [freshExecutor-0] o.s.w.c.RestTemplate                     : Reading to [org.springframework.cloud.netflix.eureka.http.EurekaApplications]
2026-02-24 10:28:15.274 DEBUG 195469 --- [tbeatExecutor-0] o.s.w.c.RestTemplate                     : HTTP PUT http://localhost:8761/eureka/apps/EGOVADMINLOGIN/10.255.255.254:EgovAdminLogin:18021?status=UP&lastDirtyTimestamp=1771896195261
2026-02-24 10:28:15.274 DEBUG 195469 --- [tbeatExecutor-0] o.s.w.c.RestTemplate                     : Accept=[application/json, application/*+json]
2026-02-24 10:28:15.278 DEBUG 195469 --- [tbeatExecutor-0] o.s.w.c.RestTemplate                     : Response 200 OK
2026-02-24 10:28:15.613 DEBUG 195469 --- [freshExecutor-0] o.s.w.c.RestTemplate                     : HTTP GET http://localhost:8761/eureka/apps/delta
2026-02-24 10:28:15.613 DEBUG 195469 --- [freshExecutor-0] o.s.w.c.RestTemplate                     : Accept=[application/json, application/*+json]
2026-02-24 10:28:15.616 DEBUG 195469 --- [freshExecutor-0] o.s.w.c.RestTemplate                     : Response 200 OK
2026-02-24 10:28:15.616 DEBUG 195469 --- [freshExecutor-0] o.s.w.c.RestTemplate                     : Reading to [org.springframework.cloud.netflix.eureka.http.EurekaApplications]
2026-02-24 10:28:20.125 DEBUG 195469 --- [freshExecutor-0] o.s.w.c.RestTemplate                     : HTTP GET http://localhost:8761/eureka/apps/delta
2026-02-24 10:28:20.125 DEBUG 195469 --- [freshExecutor-0] o.s.w.c.RestTemplate                     : Accept=[application/json, application/*+json]
2026-02-24 10:28:20.128 DEBUG 195469 --- [freshExecutor-0] o.s.w.c.RestTemplate                     : Response 200 OK
2026-02-24 10:28:20.128 DEBUG 195469 --- [freshExecutor-0] o.s.w.c.RestTemplate                     : Reading to [org.springframework.cloud.netflix.eureka.http.EurekaApplications]
2026-02-24 10:28:24.619 DEBUG 195469 --- [freshExecutor-0] o.s.w.c.RestTemplate                     : HTTP GET http://localhost:8761/eureka/apps/delta
2026-02-24 10:28:24.620 DEBUG 195469 --- [freshExecutor-0] o.s.w.c.RestTemplate                     : Accept=[application/json, application/*+json]
2026-02-24 10:28:24.623 DEBUG 195469 --- [freshExecutor-0] o.s.w.c.RestTemplate                     : Response 200 OK
2026-02-24 10:28:24.623 DEBUG 195469 --- [freshExecutor-0] o.s.w.c.RestTemplate                     : Reading to [org.springframework.cloud.netflix.eureka.http.EurekaApplications]
2026-02-24 10:28:29.113 DEBUG 195469 --- [freshExecutor-0] o.s.w.c.RestTemplate                     : HTTP GET http://localhost:8761/eureka/apps/delta
2026-02-24 10:28:29.114 DEBUG 195469 --- [freshExecutor-0] o.s.w.c.RestTemplate                     : Accept=[application/json, application/*+json]
2026-02-24 10:28:29.116 DEBUG 195469 --- [freshExecutor-0] o.s.w.c.RestTemplate                     : Response 200 OK
2026-02-24 10:28:29.117 DEBUG 195469 --- [freshExecutor-0] o.s.w.c.RestTemplate                     : Reading to [org.springframework.cloud.netflix.eureka.http.EurekaApplications]
2026-02-24 10:28:39.278 DEBUG 195469 --- [freshExecutor-0] o.s.w.c.RestTemplate                     : HTTP GET http://localhost:8761/eureka/apps/delta
2026-02-24 10:28:39.278 DEBUG 195469 --- [freshExecutor-0] o.s.w.c.RestTemplate                     : Accept=[application/json, application/*+json]
2026-02-24 10:28:39.281 DEBUG 195469 --- [freshExecutor-0] o.s.w.c.RestTemplate                     : Response 200 OK
2026-02-24 10:28:39.281 DEBUG 195469 --- [freshExecutor-0] o.s.w.c.RestTemplate                     : Reading to [org.springframework.cloud.netflix.eureka.http.EurekaApplications]
2026-02-24 10:28:38.622 DEBUG 195469 --- [freshExecutor-0] o.s.w.c.RestTemplate                     : HTTP GET http://localhost:8761/eureka/apps/delta
2026-02-24 10:28:38.622 DEBUG 195469 --- [freshExecutor-0] o.s.w.c.RestTemplate                     : Accept=[application/json, application/*+json]
2026-02-24 10:28:38.625 DEBUG 195469 --- [freshExecutor-0] o.s.w.c.RestTemplate                     : Response 200 OK
2026-02-24 10:28:38.625 DEBUG 195469 --- [freshExecutor-0] o.s.w.c.RestTemplate                     : Reading to [org.springframework.cloud.netflix.eureka.http.EurekaApplications]
2026-02-24 10:28:42.771 DEBUG 195469 --- [tbeatExecutor-0] o.s.w.c.RestTemplate                     : HTTP PUT http://localhost:8761/eureka/apps/EGOVADMINLOGIN/10.255.255.254:EgovAdminLogin:18021?status=UP&lastDirtyTimestamp=1771896195261
2026-02-24 10:28:42.771 DEBUG 195469 --- [tbeatExecutor-0] o.s.w.c.RestTemplate                     : Accept=[application/json, application/*+json]
2026-02-24 10:28:42.774 DEBUG 195469 --- [tbeatExecutor-0] o.s.w.c.RestTemplate                     : Response 200 OK
2026-02-24 10:28:43.135 DEBUG 195469 --- [freshExecutor-0] o.s.w.c.RestTemplate                     : HTTP GET http://localhost:8761/eureka/apps/delta
2026-02-24 10:28:43.135 DEBUG 195469 --- [freshExecutor-0] o.s.w.c.RestTemplate                     : Accept=[application/json, application/*+json]
2026-02-24 10:28:43.139 DEBUG 195469 --- [freshExecutor-0] o.s.w.c.RestTemplate                     : Response 200 OK
2026-02-24 10:28:43.139 DEBUG 195469 --- [freshExecutor-0] o.s.w.c.RestTemplate                     : Reading to [org.springframework.cloud.netflix.eureka.http.EurekaApplications]
2026-02-24 10:28:47.580 DEBUG 195469 --- [freshExecutor-0] o.s.w.c.RestTemplate                     : HTTP GET http://localhost:8761/eureka/apps/delta
2026-02-24 10:28:47.580 DEBUG 195469 --- [freshExecutor-0] o.s.w.c.RestTemplate                     : Accept=[application/json, application/*+json]
2026-02-24 10:28:47.582 DEBUG 195469 --- [freshExecutor-0] o.s.w.c.RestTemplate                     : Response 200 OK
2026-02-24 10:28:47.583 DEBUG 195469 --- [freshExecutor-0] o.s.w.c.RestTemplate                     : Reading to [org.springframework.cloud.netflix.eureka.http.EurekaApplications]
2026-02-24 10:28:52.137 DEBUG 195469 --- [freshExecutor-0] o.s.w.c.RestTemplate                     : HTTP GET http://localhost:8761/eureka/apps/delta
2026-02-24 10:28:52.137 DEBUG 195469 --- [freshExecutor-0] o.s.w.c.RestTemplate                     : Accept=[application/json, application/*+json]
2026-02-24 10:28:52.141 DEBUG 195469 --- [freshExecutor-0] o.s.w.c.RestTemplate                     : Response 200 OK
2026-02-24 10:28:52.141 DEBUG 195469 --- [freshExecutor-0] o.s.w.c.RestTemplate                     : Reading to [org.springframework.cloud.netflix.eureka.http.EurekaApplications]
2026-02-24 10:28:56.655 DEBUG 195469 --- [freshExecutor-0] o.s.w.c.RestTemplate                     : HTTP GET http://localhost:8761/eureka/apps/delta
2026-02-24 10:28:56.655 DEBUG 195469 --- [freshExecutor-0] o.s.w.c.RestTemplate                     : Accept=[application/json, application/*+json]
2026-02-24 10:28:56.658 DEBUG 195469 --- [freshExecutor-0] o.s.w.c.RestTemplate                     : Response 200 OK
2026-02-24 10:28:56.658 DEBUG 195469 --- [freshExecutor-0] o.s.w.c.RestTemplate                     : Reading to [org.springframework.cloud.netflix.eureka.http.EurekaApplications]
2026-02-24 10:29:01.141 DEBUG 195469 --- [freshExecutor-0] o.s.w.c.RestTemplate                     : HTTP GET http://localhost:8761/eureka/apps/delta
2026-02-24 10:29:01.141 DEBUG 195469 --- [freshExecutor-0] o.s.w.c.RestTemplate                     : Accept=[application/json, application/*+json]
2026-02-24 10:29:01.146 DEBUG 195469 --- [freshExecutor-0] o.s.w.c.RestTemplate                     : Response 200 OK
2026-02-24 10:29:01.146 DEBUG 195469 --- [freshExecutor-0] o.s.w.c.RestTemplate                     : Reading to [org.springframework.cloud.netflix.eureka.http.EurekaApplications]
2026-02-24 10:29:05.655 DEBUG 195469 --- [freshExecutor-0] o.s.w.c.RestTemplate                     : HTTP GET http://localhost:8761/eureka/apps/delta
2026-02-24 10:29:05.655 DEBUG 195469 --- [freshExecutor-0] o.s.w.c.RestTemplate                     : Accept=[application/json, application/*+json]
2026-02-24 10:29:05.658 DEBUG 195469 --- [freshExecutor-0] o.s.w.c.RestTemplate                     : Response 200 OK
2026-02-24 10:29:05.658 DEBUG 195469 --- [freshExecutor-0] o.s.w.c.RestTemplate                     : Reading to [org.springframework.cloud.netflix.eureka.http.EurekaApplications]
2026-02-24 10:29:09.790 DEBUG 195469 --- [tbeatExecutor-0] o.s.w.c.RestTemplate                     : HTTP PUT http://localhost:8761/eureka/apps/EGOVADMINLOGIN/10.255.255.254:EgovAdminLogin:18021?status=UP&lastDirtyTimestamp=1771896195261
2026-02-24 10:29:09.791 DEBUG 195469 --- [tbeatExecutor-0] o.s.w.c.RestTemplate                     : Accept=[application/json, application/*+json]
2026-02-24 10:29:09.795 DEBUG 195469 --- [tbeatExecutor-0] o.s.w.c.RestTemplate                     : Response 200 OK
2026-02-24 10:29:10.185 DEBUG 195469 --- [freshExecutor-0] o.s.w.c.RestTemplate                     : HTTP GET http://localhost:8761/eureka/apps/delta
2026-02-24 10:29:10.185 DEBUG 195469 --- [freshExecutor-0] o.s.w.c.RestTemplate                     : Accept=[application/json, application/*+json]
2026-02-24 10:29:10.188 DEBUG 195469 --- [freshExecutor-0] o.s.w.c.RestTemplate                     : Response 200 OK
2026-02-24 10:29:10.188 DEBUG 195469 --- [freshExecutor-0] o.s.w.c.RestTemplate                     : Reading to [org.springframework.cloud.netflix.eureka.http.EurekaApplications]
2026-02-24 10:29:14.673 DEBUG 195469 --- [freshExecutor-0] o.s.w.c.RestTemplate                     : HTTP GET http://localhost:8761/eureka/apps/delta
2026-02-24 10:29:14.673 DEBUG 195469 --- [freshExecutor-0] o.s.w.c.RestTemplate                     : Accept=[application/json, application/*+json]
2026-02-24 10:29:14.676 DEBUG 195469 --- [freshExecutor-0] o.s.w.c.RestTemplate                     : Response 200 OK
2026-02-24 10:29:14.676 DEBUG 195469 --- [freshExecutor-0] o.s.w.c.RestTemplate                     : Reading to [org.springframework.cloud.netflix.eureka.http.EurekaApplications]
2026-02-24 10:29:19.176 DEBUG 195469 --- [freshExecutor-0] o.s.w.c.RestTemplate                     : HTTP GET http://localhost:8761/eureka/apps/delta
2026-02-24 10:29:19.176 DEBUG 195469 --- [freshExecutor-0] o.s.w.c.RestTemplate                     : Accept=[application/json, application/*+json]
2026-02-24 10:29:19.179 DEBUG 195469 --- [freshExecutor-0] o.s.w.c.RestTemplate                     : Response 200 OK
2026-02-24 10:29:19.179 DEBUG 195469 --- [freshExecutor-0] o.s.w.c.RestTemplate                     : Reading to [org.springframework.cloud.netflix.eureka.http.EurekaApplications]
2026-02-24 10:29:29.332 DEBUG 195469 --- [freshExecutor-0] o.s.w.c.RestTemplate                     : HTTP GET http://localhost:8761/eureka/apps/delta
2026-02-24 10:29:29.332 DEBUG 195469 --- [freshExecutor-0] o.s.w.c.RestTemplate                     : Accept=[application/json, application/*+json]
2026-02-24 10:29:29.336 DEBUG 195469 --- [freshExecutor-0] o.s.w.c.RestTemplate                     : Response 200 OK
2026-02-24 10:29:29.336 DEBUG 195469 --- [freshExecutor-0] o.s.w.c.RestTemplate                     : Reading to [org.springframework.cloud.netflix.eureka.http.EurekaApplications]
2026-02-24 10:29:28.677 DEBUG 195469 --- [freshExecutor-0] o.s.w.c.RestTemplate                     : HTTP GET http://localhost:8761/eureka/apps/delta
2026-02-24 10:29:28.677 DEBUG 195469 --- [freshExecutor-0] o.s.w.c.RestTemplate                     : Accept=[application/json, application/*+json]
2026-02-24 10:29:28.678 DEBUG 195469 --- [freshExecutor-0] o.s.w.c.RestTemplate                     : Response 200 OK
2026-02-24 10:29:28.679 DEBUG 195469 --- [freshExecutor-0] o.s.w.c.RestTemplate                     : Reading to [org.springframework.cloud.netflix.eureka.http.EurekaApplications]
2026-02-24 10:29:33.182 DEBUG 195469 --- [freshExecutor-0] o.s.w.c.RestTemplate                     : HTTP GET http://localhost:8761/eureka/apps/delta
2026-02-24 10:29:33.182 DEBUG 195469 --- [freshExecutor-0] o.s.w.c.RestTemplate                     : Accept=[application/json, application/*+json]
2026-02-24 10:29:33.185 DEBUG 195469 --- [freshExecutor-0] o.s.w.c.RestTemplate                     : Response 200 OK
2026-02-24 10:29:33.185 DEBUG 195469 --- [freshExecutor-0] o.s.w.c.RestTemplate                     : Reading to [org.springframework.cloud.netflix.eureka.http.EurekaApplications]
2026-02-24 10:29:37.269 DEBUG 195469 --- [tbeatExecutor-0] o.s.w.c.RestTemplate                     : HTTP PUT http://localhost:8761/eureka/apps/EGOVADMINLOGIN/10.255.255.254:EgovAdminLogin:18021?status=UP&lastDirtyTimestamp=1771896195261
2026-02-24 10:29:37.269 DEBUG 195469 --- [tbeatExecutor-0] o.s.w.c.RestTemplate                     : Accept=[application/json, application/*+json]
2026-02-24 10:29:37.275 DEBUG 195469 --- [tbeatExecutor-0] o.s.w.c.RestTemplate                     : Response 200 OK
2026-02-24 10:29:37.686 DEBUG 195469 --- [freshExecutor-0] o.s.w.c.RestTemplate                     : HTTP GET http://localhost:8761/eureka/apps/delta
2026-02-24 10:29:37.687 DEBUG 195469 --- [freshExecutor-0] o.s.w.c.RestTemplate                     : Accept=[application/json, application/*+json]
2026-02-24 10:29:37.690 DEBUG 195469 --- [freshExecutor-0] o.s.w.c.RestTemplate                     : Response 200 OK
2026-02-24 10:29:37.690 DEBUG 195469 --- [freshExecutor-0] o.s.w.c.RestTemplate                     : Reading to [org.springframework.cloud.netflix.eureka.http.EurekaApplications]
2026-02-24 10:29:42.205 DEBUG 195469 --- [freshExecutor-0] o.s.w.c.RestTemplate                     : HTTP GET http://localhost:8761/eureka/apps/delta
2026-02-24 10:29:42.205 DEBUG 195469 --- [freshExecutor-0] o.s.w.c.RestTemplate                     : Accept=[application/json, application/*+json]
2026-02-24 10:29:42.208 DEBUG 195469 --- [freshExecutor-0] o.s.w.c.RestTemplate                     : Response 200 OK
2026-02-24 10:29:42.208 DEBUG 195469 --- [freshExecutor-0] o.s.w.c.RestTemplate                     : Reading to [org.springframework.cloud.netflix.eureka.http.EurekaApplications]
2026-02-24 10:29:46.698 DEBUG 195469 --- [freshExecutor-0] o.s.w.c.RestTemplate                     : HTTP GET http://localhost:8761/eureka/apps/delta
2026-02-24 10:29:46.698 DEBUG 195469 --- [freshExecutor-0] o.s.w.c.RestTemplate                     : Accept=[application/json, application/*+json]
2026-02-24 10:29:46.702 DEBUG 195469 --- [freshExecutor-0] o.s.w.c.RestTemplate                     : Response 200 OK
2026-02-24 10:29:46.702 DEBUG 195469 --- [freshExecutor-0] o.s.w.c.RestTemplate                     : Reading to [org.springframework.cloud.netflix.eureka.http.EurekaApplications]
2026-02-24 10:29:51.220 DEBUG 195469 --- [freshExecutor-0] o.s.w.c.RestTemplate                     : HTTP GET http://localhost:8761/eureka/apps/delta
2026-02-24 10:29:51.221 DEBUG 195469 --- [freshExecutor-0] o.s.w.c.RestTemplate                     : Accept=[application/json, application/*+json]
2026-02-24 10:29:51.223 DEBUG 195469 --- [freshExecutor-0] o.s.w.c.RestTemplate                     : Response 200 OK
2026-02-24 10:29:51.223 DEBUG 195469 --- [freshExecutor-0] o.s.w.c.RestTemplate                     : Reading to [org.springframework.cloud.netflix.eureka.http.EurekaApplications]
2026-02-24 10:29:55.713 DEBUG 195469 --- [freshExecutor-0] o.s.w.c.RestTemplate                     : HTTP GET http://localhost:8761/eureka/apps/delta
2026-02-24 10:29:55.713 DEBUG 195469 --- [freshExecutor-0] o.s.w.c.RestTemplate                     : Accept=[application/json, application/*+json]
2026-02-24 10:29:55.716 DEBUG 195469 --- [freshExecutor-0] o.s.w.c.RestTemplate                     : Response 200 OK
2026-02-24 10:29:55.716 DEBUG 195469 --- [freshExecutor-0] o.s.w.c.RestTemplate                     : Reading to [org.springframework.cloud.netflix.eureka.http.EurekaApplications]
2026-02-24 10:30:00.218 DEBUG 195469 --- [freshExecutor-0] o.s.w.c.RestTemplate                     : HTTP GET http://localhost:8761/eureka/apps/delta
2026-02-24 10:30:00.218 DEBUG 195469 --- [freshExecutor-0] o.s.w.c.RestTemplate                     : Accept=[application/json, application/*+json]
2026-02-24 10:30:00.221 DEBUG 195469 --- [freshExecutor-0] o.s.w.c.RestTemplate                     : Response 200 OK
2026-02-24 10:30:00.221 DEBUG 195469 --- [freshExecutor-0] o.s.w.c.RestTemplate                     : Reading to [org.springframework.cloud.netflix.eureka.http.EurekaApplications]
2026-02-24 10:30:04.275 DEBUG 195469 --- [tbeatExecutor-0] o.s.w.c.RestTemplate                     : HTTP PUT http://localhost:8761/eureka/apps/EGOVADMINLOGIN/10.255.255.254:EgovAdminLogin:18021?status=UP&lastDirtyTimestamp=1771896195261
2026-02-24 10:30:04.275 DEBUG 195469 --- [tbeatExecutor-0] o.s.w.c.RestTemplate                     : Accept=[application/json, application/*+json]
2026-02-24 10:30:04.279 DEBUG 195469 --- [tbeatExecutor-0] o.s.w.c.RestTemplate                     : Response 200 OK
2026-02-24 10:30:04.722 DEBUG 195469 --- [freshExecutor-0] o.s.w.c.RestTemplate                     : HTTP GET http://localhost:8761/eureka/apps/delta
2026-02-24 10:30:04.722 DEBUG 195469 --- [freshExecutor-0] o.s.w.c.RestTemplate                     : Accept=[application/json, application/*+json]
2026-02-24 10:30:04.725 DEBUG 195469 --- [freshExecutor-0] o.s.w.c.RestTemplate                     : Response 200 OK
2026-02-24 10:30:04.725 DEBUG 195469 --- [freshExecutor-0] o.s.w.c.RestTemplate                     : Reading to [org.springframework.cloud.netflix.eureka.http.EurekaApplications]
2026-02-24 10:30:09.240 DEBUG 195469 --- [freshExecutor-0] o.s.w.c.RestTemplate                     : HTTP GET http://localhost:8761/eureka/apps/delta
2026-02-24 10:30:09.241 DEBUG 195469 --- [freshExecutor-0] o.s.w.c.RestTemplate                     : Accept=[application/json, application/*+json]
2026-02-24 10:30:09.244 DEBUG 195469 --- [freshExecutor-0] o.s.w.c.RestTemplate                     : Response 200 OK
2026-02-24 10:30:09.244 DEBUG 195469 --- [freshExecutor-0] o.s.w.c.RestTemplate                     : Reading to [org.springframework.cloud.netflix.eureka.http.EurekaApplications]
2026-02-24 10:30:19.394 DEBUG 195469 --- [freshExecutor-0] o.s.w.c.RestTemplate                     : HTTP GET http://localhost:8761/eureka/apps/delta
2026-02-24 10:30:19.394 DEBUG 195469 --- [freshExecutor-0] o.s.w.c.RestTemplate                     : Accept=[application/json, application/*+json]
2026-02-24 10:30:19.397 DEBUG 195469 --- [freshExecutor-0] o.s.w.c.RestTemplate                     : Response 200 OK
2026-02-24 10:30:19.397 DEBUG 195469 --- [freshExecutor-0] o.s.w.c.RestTemplate                     : Reading to [org.springframework.cloud.netflix.eureka.http.EurekaApplications]
2026-02-24 10:30:18.741 DEBUG 195469 --- [freshExecutor-0] o.s.w.c.RestTemplate                     : HTTP GET http://localhost:8761/eureka/apps/delta
2026-02-24 10:30:18.741 DEBUG 195469 --- [freshExecutor-0] o.s.w.c.RestTemplate                     : Accept=[application/json, application/*+json]
2026-02-24 10:30:18.743 DEBUG 195469 --- [freshExecutor-0] o.s.w.c.RestTemplate                     : Response 200 OK
2026-02-24 10:30:18.743 DEBUG 195469 --- [freshExecutor-0] o.s.w.c.RestTemplate                     : Reading to [org.springframework.cloud.netflix.eureka.http.EurekaApplications]
2026-02-24 10:30:23.245 DEBUG 195469 --- [freshExecutor-0] o.s.w.c.RestTemplate                     : HTTP GET http://localhost:8761/eureka/apps/delta
2026-02-24 10:30:23.246 DEBUG 195469 --- [freshExecutor-0] o.s.w.c.RestTemplate                     : Accept=[application/json, application/*+json]
2026-02-24 10:30:23.248 DEBUG 195469 --- [freshExecutor-0] o.s.w.c.RestTemplate                     : Response 200 OK
2026-02-24 10:30:23.248 DEBUG 195469 --- [freshExecutor-0] o.s.w.c.RestTemplate                     : Reading to [org.springframework.cloud.netflix.eureka.http.EurekaApplications]
2026-02-24 10:30:27.749 DEBUG 195469 --- [freshExecutor-0] o.s.w.c.RestTemplate                     : HTTP GET http://localhost:8761/eureka/apps/delta
2026-02-24 10:30:27.749 DEBUG 195469 --- [freshExecutor-0] o.s.w.c.RestTemplate                     : Accept=[application/json, application/*+json]
2026-02-24 10:30:27.752 DEBUG 195469 --- [freshExecutor-0] o.s.w.c.RestTemplate                     : Response 200 OK
2026-02-24 10:30:27.752 DEBUG 195469 --- [freshExecutor-0] o.s.w.c.RestTemplate                     : Reading to [org.springframework.cloud.netflix.eureka.http.EurekaApplications]
2026-02-24 10:30:31.779 DEBUG 195469 --- [tbeatExecutor-0] o.s.w.c.RestTemplate                     : HTTP PUT http://localhost:8761/eureka/apps/EGOVADMINLOGIN/10.255.255.254:EgovAdminLogin:18021?status=UP&lastDirtyTimestamp=1771896195261
2026-02-24 10:30:31.780 DEBUG 195469 --- [tbeatExecutor-0] o.s.w.c.RestTemplate                     : Accept=[application/json, application/*+json]
2026-02-24 10:30:31.784 DEBUG 195469 --- [tbeatExecutor-0] o.s.w.c.RestTemplate                     : Response 200 OK
2026-02-24 10:30:32.254 DEBUG 195469 --- [freshExecutor-0] o.s.w.c.RestTemplate                     : HTTP GET http://localhost:8761/eureka/apps/delta
2026-02-24 10:30:32.254 DEBUG 195469 --- [freshExecutor-0] o.s.w.c.RestTemplate                     : Accept=[application/json, application/*+json]
2026-02-24 10:30:32.256 DEBUG 195469 --- [freshExecutor-0] o.s.w.c.RestTemplate                     : Response 200 OK
2026-02-24 10:30:32.256 DEBUG 195469 --- [freshExecutor-0] o.s.w.c.RestTemplate                     : Reading to [org.springframework.cloud.netflix.eureka.http.EurekaApplications]
2026-02-24 10:30:36.753 DEBUG 195469 --- [freshExecutor-0] o.s.w.c.RestTemplate                     : HTTP GET http://localhost:8761/eureka/apps/delta
2026-02-24 10:30:36.754 DEBUG 195469 --- [freshExecutor-0] o.s.w.c.RestTemplate                     : Accept=[application/json, application/*+json]
2026-02-24 10:30:36.756 DEBUG 195469 --- [freshExecutor-0] o.s.w.c.RestTemplate                     : Response 200 OK
2026-02-24 10:30:36.756 DEBUG 195469 --- [freshExecutor-0] o.s.w.c.RestTemplate                     : Reading to [org.springframework.cloud.netflix.eureka.http.EurekaApplications]
2026-02-24 10:30:41.278 DEBUG 195469 --- [freshExecutor-0] o.s.w.c.RestTemplate                     : HTTP GET http://localhost:8761/eureka/apps/delta
2026-02-24 10:30:41.278 DEBUG 195469 --- [freshExecutor-0] o.s.w.c.RestTemplate                     : Accept=[application/json, application/*+json]
2026-02-24 10:30:41.281 DEBUG 195469 --- [freshExecutor-0] o.s.w.c.RestTemplate                     : Response 200 OK
2026-02-24 10:30:41.281 DEBUG 195469 --- [freshExecutor-0] o.s.w.c.RestTemplate                     : Reading to [org.springframework.cloud.netflix.eureka.http.EurekaApplications]
2026-02-24 10:30:45.763 DEBUG 195469 --- [freshExecutor-0] o.s.w.c.RestTemplate                     : HTTP GET http://localhost:8761/eureka/apps/delta
2026-02-24 10:30:45.763 DEBUG 195469 --- [freshExecutor-0] o.s.w.c.RestTemplate                     : Accept=[application/json, application/*+json]
2026-02-24 10:30:45.766 DEBUG 195469 --- [freshExecutor-0] o.s.w.c.RestTemplate                     : Response 200 OK
2026-02-24 10:30:45.767 DEBUG 195469 --- [freshExecutor-0] o.s.w.c.RestTemplate                     : Reading to [org.springframework.cloud.netflix.eureka.http.EurekaApplications]
2026-02-24 10:30:50.271 DEBUG 195469 --- [freshExecutor-0] o.s.w.c.RestTemplate                     : HTTP GET http://localhost:8761/eureka/apps/delta
2026-02-24 10:30:50.272 DEBUG 195469 --- [freshExecutor-0] o.s.w.c.RestTemplate                     : Accept=[application/json, application/*+json]
2026-02-24 10:30:50.276 DEBUG 195469 --- [freshExecutor-0] o.s.w.c.RestTemplate                     : Response 200 OK
2026-02-24 10:30:50.276 DEBUG 195469 --- [freshExecutor-0] o.s.w.c.RestTemplate                     : Reading to [org.springframework.cloud.netflix.eureka.http.EurekaApplications]
2026-02-24 10:30:54.772 DEBUG 195469 --- [freshExecutor-0] o.s.w.c.RestTemplate                     : HTTP GET http://localhost:8761/eureka/apps/delta
2026-02-24 10:30:54.772 DEBUG 195469 --- [freshExecutor-0] o.s.w.c.RestTemplate                     : Accept=[application/json, application/*+json]
2026-02-24 10:30:54.775 DEBUG 195469 --- [freshExecutor-0] o.s.w.c.RestTemplate                     : Response 200 OK
2026-02-24 10:30:54.775 DEBUG 195469 --- [freshExecutor-0] o.s.w.c.RestTemplate                     : Reading to [org.springframework.cloud.netflix.eureka.http.EurekaApplications]
2026-02-24 10:31:04.439 DEBUG 195469 --- [tbeatExecutor-0] o.s.w.c.RestTemplate                     : HTTP PUT http://localhost:8761/eureka/apps/EGOVADMINLOGIN/10.255.255.254:EgovAdminLogin:18021?status=UP&lastDirtyTimestamp=1771896195261
2026-02-24 10:31:04.439 DEBUG 195469 --- [tbeatExecutor-0] o.s.w.c.RestTemplate                     : Accept=[application/json, application/*+json]
2026-02-24 10:31:04.442 DEBUG 195469 --- [tbeatExecutor-0] o.s.w.c.RestTemplate                     : Response 200 OK
2026-02-24 10:30:59.282 DEBUG 195469 --- [freshExecutor-0] o.s.w.c.RestTemplate                     : HTTP GET http://localhost:8761/eureka/apps/delta
2026-02-24 10:30:59.282 DEBUG 195469 --- [freshExecutor-0] o.s.w.c.RestTemplate                     : Accept=[application/json, application/*+json]
2026-02-24 10:30:59.285 DEBUG 195469 --- [freshExecutor-0] o.s.w.c.RestTemplate                     : Response 200 OK
2026-02-24 10:30:59.285 DEBUG 195469 --- [freshExecutor-0] o.s.w.c.RestTemplate                     : Reading to [org.springframework.cloud.netflix.eureka.http.EurekaApplications]
2026-02-24 10:31:09.447 DEBUG 195469 --- [freshExecutor-0] o.s.w.c.RestTemplate                     : HTTP GET http://localhost:8761/eureka/apps/delta
2026-02-24 10:31:09.447 DEBUG 195469 --- [freshExecutor-0] o.s.w.c.RestTemplate                     : Accept=[application/json, application/*+json]
2026-02-24 10:31:09.450 DEBUG 195469 --- [freshExecutor-0] o.s.w.c.RestTemplate                     : Response 200 OK
2026-02-24 10:31:09.450 DEBUG 195469 --- [freshExecutor-0] o.s.w.c.RestTemplate                     : Reading to [org.springframework.cloud.netflix.eureka.http.EurekaApplications]
2026-02-24 10:31:08.804 DEBUG 195469 --- [freshExecutor-0] o.s.w.c.RestTemplate                     : HTTP GET http://localhost:8761/eureka/apps/delta
2026-02-24 10:31:08.804 DEBUG 195469 --- [freshExecutor-0] o.s.w.c.RestTemplate                     : Accept=[application/json, application/*+json]
2026-02-24 10:31:08.807 DEBUG 195469 --- [freshExecutor-0] o.s.w.c.RestTemplate                     : Response 200 OK
2026-02-24 10:31:08.807 DEBUG 195469 --- [freshExecutor-0] o.s.w.c.RestTemplate                     : Reading to [org.springframework.cloud.netflix.eureka.http.EurekaApplications]
2026-02-24 10:31:13.311 DEBUG 195469 --- [freshExecutor-0] o.s.w.c.RestTemplate                     : HTTP GET http://localhost:8761/eureka/apps/delta
2026-02-24 10:31:13.311 DEBUG 195469 --- [freshExecutor-0] o.s.w.c.RestTemplate                     : Accept=[application/json, application/*+json]
2026-02-24 10:31:13.313 DEBUG 195469 --- [freshExecutor-0] o.s.w.c.RestTemplate                     : Response 200 OK
2026-02-24 10:31:13.313 DEBUG 195469 --- [freshExecutor-0] o.s.w.c.RestTemplate                     : Reading to [org.springframework.cloud.netflix.eureka.http.EurekaApplications]
2026-02-24 10:31:17.808 DEBUG 195469 --- [freshExecutor-0] o.s.w.c.RestTemplate                     : HTTP GET http://localhost:8761/eureka/apps/delta
2026-02-24 10:31:17.808 DEBUG 195469 --- [freshExecutor-0] o.s.w.c.RestTemplate                     : Accept=[application/json, application/*+json]
2026-02-24 10:31:17.811 DEBUG 195469 --- [freshExecutor-0] o.s.w.c.RestTemplate                     : Response 200 OK
2026-02-24 10:31:17.811 DEBUG 195469 --- [freshExecutor-0] o.s.w.c.RestTemplate                     : Reading to [org.springframework.cloud.netflix.eureka.http.EurekaApplications]
2026-02-24 10:31:22.309 DEBUG 195469 --- [freshExecutor-0] o.s.w.c.RestTemplate                     : HTTP GET http://localhost:8761/eureka/apps/delta
2026-02-24 10:31:22.309 DEBUG 195469 --- [freshExecutor-0] o.s.w.c.RestTemplate                     : Accept=[application/json, application/*+json]
2026-02-24 10:31:22.312 DEBUG 195469 --- [freshExecutor-0] o.s.w.c.RestTemplate                     : Response 200 OK
2026-02-24 10:31:22.312 DEBUG 195469 --- [freshExecutor-0] o.s.w.c.RestTemplate                     : Reading to [org.springframework.cloud.netflix.eureka.http.EurekaApplications]
2026-02-24 10:31:26.278 DEBUG 195469 --- [tbeatExecutor-0] o.s.w.c.RestTemplate                     : HTTP PUT http://localhost:8761/eureka/apps/EGOVADMINLOGIN/10.255.255.254:EgovAdminLogin:18021?status=UP&lastDirtyTimestamp=1771896195261
2026-02-24 10:31:26.279 DEBUG 195469 --- [tbeatExecutor-0] o.s.w.c.RestTemplate                     : Accept=[application/json, application/*+json]
2026-02-24 10:31:26.282 DEBUG 195469 --- [tbeatExecutor-0] o.s.w.c.RestTemplate                     : Response 200 OK
2026-02-24 10:31:26.812 DEBUG 195469 --- [freshExecutor-0] o.s.w.c.RestTemplate                     : HTTP GET http://localhost:8761/eureka/apps/delta
2026-02-24 10:31:26.812 DEBUG 195469 --- [freshExecutor-0] o.s.w.c.RestTemplate                     : Accept=[application/json, application/*+json]
2026-02-24 10:31:26.814 DEBUG 195469 --- [freshExecutor-0] o.s.w.c.RestTemplate                     : Response 200 OK
2026-02-24 10:31:26.814 DEBUG 195469 --- [freshExecutor-0] o.s.w.c.RestTemplate                     : Reading to [org.springframework.cloud.netflix.eureka.http.EurekaApplications]
2026-02-24 10:31:31.312 DEBUG 195469 --- [freshExecutor-0] o.s.w.c.RestTemplate                     : HTTP GET http://localhost:8761/eureka/apps/delta
2026-02-24 10:31:31.313 DEBUG 195469 --- [freshExecutor-0] o.s.w.c.RestTemplate                     : Accept=[application/json, application/*+json]
2026-02-24 10:31:31.315 DEBUG 195469 --- [freshExecutor-0] o.s.w.c.RestTemplate                     : Response 200 OK
2026-02-24 10:31:31.315 DEBUG 195469 --- [freshExecutor-0] o.s.w.c.RestTemplate                     : Reading to [org.springframework.cloud.netflix.eureka.http.EurekaApplications]
2026-02-24 10:31:35.833 DEBUG 195469 --- [freshExecutor-0] o.s.w.c.RestTemplate                     : HTTP GET http://localhost:8761/eureka/apps/delta
2026-02-24 10:31:35.833 DEBUG 195469 --- [freshExecutor-0] o.s.w.c.RestTemplate                     : Accept=[application/json, application/*+json]
2026-02-24 10:31:35.836 DEBUG 195469 --- [freshExecutor-0] o.s.w.c.RestTemplate                     : Response 200 OK
2026-02-24 10:31:35.837 DEBUG 195469 --- [freshExecutor-0] o.s.w.c.RestTemplate                     : Reading to [org.springframework.cloud.netflix.eureka.http.EurekaApplications]
2026-02-24 10:31:40.333 DEBUG 195469 --- [freshExecutor-0] o.s.w.c.RestTemplate                     : HTTP GET http://localhost:8761/eureka/apps/delta
2026-02-24 10:31:40.333 DEBUG 195469 --- [freshExecutor-0] o.s.w.c.RestTemplate                     : Accept=[application/json, application/*+json]
2026-02-24 10:31:40.336 DEBUG 195469 --- [freshExecutor-0] o.s.w.c.RestTemplate                     : Response 200 OK
2026-02-24 10:31:40.336 DEBUG 195469 --- [freshExecutor-0] o.s.w.c.RestTemplate                     : Reading to [org.springframework.cloud.netflix.eureka.http.EurekaApplications]
2026-02-24 10:31:44.832 DEBUG 195469 --- [freshExecutor-0] o.s.w.c.RestTemplate                     : HTTP GET http://localhost:8761/eureka/apps/delta
2026-02-24 10:31:44.832 DEBUG 195469 --- [freshExecutor-0] o.s.w.c.RestTemplate                     : Accept=[application/json, application/*+json]
2026-02-24 10:31:44.834 DEBUG 195469 --- [freshExecutor-0] o.s.w.c.RestTemplate                     : Response 200 OK
2026-02-24 10:31:44.834 DEBUG 195469 --- [freshExecutor-0] o.s.w.c.RestTemplate                     : Reading to [org.springframework.cloud.netflix.eureka.http.EurekaApplications]
2026-02-24 10:31:49.334 DEBUG 195469 --- [freshExecutor-0] o.s.w.c.RestTemplate                     : HTTP GET http://localhost:8761/eureka/apps/delta
2026-02-24 10:31:49.334 DEBUG 195469 --- [freshExecutor-0] o.s.w.c.RestTemplate                     : Accept=[application/json, application/*+json]
2026-02-24 10:31:49.337 DEBUG 195469 --- [freshExecutor-0] o.s.w.c.RestTemplate                     : Response 200 OK
2026-02-24 10:31:49.337 DEBUG 195469 --- [freshExecutor-0] o.s.w.c.RestTemplate                     : Reading to [org.springframework.cloud.netflix.eureka.http.EurekaApplications]
2026-02-24 10:31:53.783 DEBUG 195469 --- [tbeatExecutor-0] o.s.w.c.RestTemplate                     : HTTP PUT http://localhost:8761/eureka/apps/EGOVADMINLOGIN/10.255.255.254:EgovAdminLogin:18021?status=UP&lastDirtyTimestamp=1771896195261
2026-02-24 10:31:53.783 DEBUG 195469 --- [tbeatExecutor-0] o.s.w.c.RestTemplate                     : Accept=[application/json, application/*+json]
2026-02-24 10:31:53.786 DEBUG 195469 --- [tbeatExecutor-0] o.s.w.c.RestTemplate                     : Response 200 OK
2026-02-24 10:31:59.495 DEBUG 195469 --- [freshExecutor-0] o.s.w.c.RestTemplate                     : HTTP GET http://localhost:8761/eureka/apps/delta
2026-02-24 10:31:59.495 DEBUG 195469 --- [freshExecutor-0] o.s.w.c.RestTemplate                     : Accept=[application/json, application/*+json]
2026-02-24 10:31:59.497 DEBUG 195469 --- [freshExecutor-0] o.s.w.c.RestTemplate                     : Response 200 OK
2026-02-24 10:31:59.497 DEBUG 195469 --- [freshExecutor-0] o.s.w.c.RestTemplate                     : Reading to [org.springframework.cloud.netflix.eureka.http.EurekaApplications]
2026-02-24 10:31:58.713 DEBUG 195469 --- [freshExecutor-0] o.s.w.c.RestTemplate                     : HTTP GET http://localhost:8761/eureka/apps/delta
2026-02-24 10:31:58.713 DEBUG 195469 --- [freshExecutor-0] o.s.w.c.RestTemplate                     : Accept=[application/json, application/*+json]
2026-02-24 10:31:58.714 DEBUG 195469 --- [freshExecutor-0] o.s.w.c.RestTemplate                     : Response 200 OK
2026-02-24 10:31:58.714 DEBUG 195469 --- [freshExecutor-0] o.s.w.c.RestTemplate                     : Reading to [org.springframework.cloud.netflix.eureka.http.EurekaApplications]
2026-02-24 10:32:03.364 DEBUG 195469 --- [freshExecutor-0] o.s.w.c.RestTemplate                     : HTTP GET http://localhost:8761/eureka/apps/delta
2026-02-24 10:32:03.364 DEBUG 195469 --- [freshExecutor-0] o.s.w.c.RestTemplate                     : Accept=[application/json, application/*+json]
2026-02-24 10:32:03.367 DEBUG 195469 --- [freshExecutor-0] o.s.w.c.RestTemplate                     : Response 200 OK
2026-02-24 10:32:03.367 DEBUG 195469 --- [freshExecutor-0] o.s.w.c.RestTemplate                     : Reading to [org.springframework.cloud.netflix.eureka.http.EurekaApplications]
2026-02-24 10:32:07.848 DEBUG 195469 --- [freshExecutor-0] o.s.w.c.RestTemplate                     : HTTP GET http://localhost:8761/eureka/apps/delta
2026-02-24 10:32:07.849 DEBUG 195469 --- [freshExecutor-0] o.s.w.c.RestTemplate                     : Accept=[application/json, application/*+json]
2026-02-24 10:32:07.852 DEBUG 195469 --- [freshExecutor-0] o.s.w.c.RestTemplate                     : Response 200 OK
2026-02-24 10:32:07.852 DEBUG 195469 --- [freshExecutor-0] o.s.w.c.RestTemplate                     : Reading to [org.springframework.cloud.netflix.eureka.http.EurekaApplications]
2026-02-24 10:32:12.355 DEBUG 195469 --- [freshExecutor-0] o.s.w.c.RestTemplate                     : HTTP GET http://localhost:8761/eureka/apps/delta
2026-02-24 10:32:12.355 DEBUG 195469 --- [freshExecutor-0] o.s.w.c.RestTemplate                     : Accept=[application/json, application/*+json]
2026-02-24 10:32:12.358 DEBUG 195469 --- [freshExecutor-0] o.s.w.c.RestTemplate                     : Response 200 OK
2026-02-24 10:32:12.358 DEBUG 195469 --- [freshExecutor-0] o.s.w.c.RestTemplate                     : Reading to [org.springframework.cloud.netflix.eureka.http.EurekaApplications]
Feb 24, 2026 10:32:15 AM org.apache.catalina.core.ApplicationContext log
INFO: Initializing Spring DispatcherServlet 'dispatcherServlet'
2026-02-24 10:32:15.121  INFO 195469 --- [io-18021-exec-1] o.s.w.s.DispatcherServlet                : Initializing Servlet 'dispatcherServlet'
2026-02-24 10:32:15.122 DEBUG 195469 --- [io-18021-exec-1] o.s.w.s.DispatcherServlet                : Detected StandardServletMultipartResolver
2026-02-24 10:32:15.122 DEBUG 195469 --- [io-18021-exec-1] o.s.w.s.DispatcherServlet                : Detected SessionLocaleResolver
2026-02-24 10:32:15.122 DEBUG 195469 --- [io-18021-exec-1] o.s.w.s.DispatcherServlet                : Detected FixedThemeResolver
2026-02-24 10:32:15.124 DEBUG 195469 --- [io-18021-exec-1] o.s.w.s.DispatcherServlet                : Detected org.springframework.web.servlet.view.DefaultRequestToViewNameTranslator@1c2503d2
2026-02-24 10:32:15.124 DEBUG 195469 --- [io-18021-exec-1] o.s.w.s.DispatcherServlet                : Detected org.springframework.web.servlet.support.SessionFlashMapManager@452aea78
2026-02-24 10:32:15.124 DEBUG 195469 --- [io-18021-exec-1] o.s.w.s.DispatcherServlet                : enableLoggingRequestDetails='false': request parameters and headers will be masked to prevent unsafe logging of potentially sensitive data
2026-02-24 10:32:15.124  INFO 195469 --- [io-18021-exec-1] o.s.w.s.DispatcherServlet                : Completed initialization in 2 ms
2026-02-24 10:32:15.140 DEBUG 195469 --- [io-18021-exec-1] o.s.w.s.DispatcherServlet                : GET "/admin/login/loginView", parameters={}
2026-02-24 10:32:15.147 DEBUG 195469 --- [io-18021-exec-1] s.w.s.m.m.a.RequestMappingHandlerMapping : Mapped to egovframework.com.uat.uia.web.EgovAdminLoginManageController#loginView(LoginVO, Model, HttpServletRequest)
2026-02-24 10:32:15.163 DEBUG 195469 --- [io-18021-exec-1] o.s.w.s.v.ContentNegotiatingViewResolver : Selected 'text/html' given [text/html, application/xhtml+xml, image/avif, image/webp, image/apng, application/xml;q=0.9, application/signed-exchange;v=b3;q=0.7, */*;q=0.8]
2026-02-24 10:32:15.246 DEBUG 195469 --- [io-18021-exec-1] o.s.w.s.DispatcherServlet                : Completed 200 OK
2026-02-24 10:32:16.858 DEBUG 195469 --- [freshExecutor-0] o.s.w.c.RestTemplate                     : HTTP GET http://localhost:8761/eureka/apps/delta
2026-02-24 10:32:16.858 DEBUG 195469 --- [freshExecutor-0] o.s.w.c.RestTemplate                     : Accept=[application/json, application/*+json]
2026-02-24 10:32:16.861 DEBUG 195469 --- [freshExecutor-0] o.s.w.c.RestTemplate                     : Response 200 OK
2026-02-24 10:32:16.861 DEBUG 195469 --- [freshExecutor-0] o.s.w.c.RestTemplate                     : Reading to [org.springframework.cloud.netflix.eureka.http.EurekaApplications]
2026-02-24 10:32:20.555  INFO 195469 --- [trap-executor-0] c.n.d.s.r.a.ConfigClusterResolver        : Resolving eureka endpoints via configuration
2026-02-24 10:32:20.777 DEBUG 195469 --- [tbeatExecutor-0] o.s.w.c.RestTemplate                     : HTTP PUT http://localhost:8761/eureka/apps/EGOVADMINLOGIN/10.255.255.254:EgovAdminLogin:18021?status=UP&lastDirtyTimestamp=1771896195261
2026-02-24 10:32:20.778 DEBUG 195469 --- [tbeatExecutor-0] o.s.w.c.RestTemplate                     : Accept=[application/json, application/*+json]
2026-02-24 10:32:20.782 DEBUG 195469 --- [tbeatExecutor-0] o.s.w.c.RestTemplate                     : Response 200 OK
2026-02-24 10:32:21.361 DEBUG 195469 --- [freshExecutor-0] o.s.w.c.RestTemplate                     : HTTP GET http://localhost:8761/eureka/apps/delta
2026-02-24 10:32:21.361 DEBUG 195469 --- [freshExecutor-0] o.s.w.c.RestTemplate                     : Accept=[application/json, application/*+json]
2026-02-24 10:32:21.363 DEBUG 195469 --- [freshExecutor-0] o.s.w.c.RestTemplate                     : Response 200 OK
2026-02-24 10:32:21.363 DEBUG 195469 --- [freshExecutor-0] o.s.w.c.RestTemplate                     : Reading to [org.springframework.cloud.netflix.eureka.http.EurekaApplications]
2026-02-24 10:32:25.882 DEBUG 195469 --- [freshExecutor-0] o.s.w.c.RestTemplate                     : HTTP GET http://localhost:8761/eureka/apps/delta
2026-02-24 10:32:25.882 DEBUG 195469 --- [freshExecutor-0] o.s.w.c.RestTemplate                     : Accept=[application/json, application/*+json]
2026-02-24 10:32:25.885 DEBUG 195469 --- [freshExecutor-0] o.s.w.c.RestTemplate                     : Response 200 OK
2026-02-24 10:32:25.885 DEBUG 195469 --- [freshExecutor-0] o.s.w.c.RestTemplate                     : Reading to [org.springframework.cloud.netflix.eureka.http.EurekaApplications]
2026-02-24 10:32:30.378 DEBUG 195469 --- [freshExecutor-0] o.s.w.c.RestTemplate                     : HTTP GET http://localhost:8761/eureka/apps/delta
2026-02-24 10:32:30.379 DEBUG 195469 --- [freshExecutor-0] o.s.w.c.RestTemplate                     : Accept=[application/json, application/*+json]
2026-02-24 10:32:30.383 DEBUG 195469 --- [freshExecutor-0] o.s.w.c.RestTemplate                     : Response 200 OK
2026-02-24 10:32:30.384 DEBUG 195469 --- [freshExecutor-0] o.s.w.c.RestTemplate                     : Reading to [org.springframework.cloud.netflix.eureka.http.EurekaApplications]
2026-02-24 10:32:34.891 DEBUG 195469 --- [freshExecutor-0] o.s.w.c.RestTemplate                     : HTTP GET http://localhost:8761/eureka/apps/delta
2026-02-24 10:32:34.891 DEBUG 195469 --- [freshExecutor-0] o.s.w.c.RestTemplate                     : Accept=[application/json, application/*+json]
2026-02-24 10:32:34.898 DEBUG 195469 --- [freshExecutor-0] o.s.w.c.RestTemplate                     : Response 200 OK
2026-02-24 10:32:34.898 DEBUG 195469 --- [freshExecutor-0] o.s.w.c.RestTemplate                     : Reading to [org.springframework.cloud.netflix.eureka.http.EurekaApplications]
2026-02-24 10:32:39.388 DEBUG 195469 --- [freshExecutor-0] o.s.w.c.RestTemplate                     : HTTP GET http://localhost:8761/eureka/apps/delta
2026-02-24 10:32:39.389 DEBUG 195469 --- [freshExecutor-0] o.s.w.c.RestTemplate                     : Accept=[application/json, application/*+json]
2026-02-24 10:32:39.392 DEBUG 195469 --- [freshExecutor-0] o.s.w.c.RestTemplate                     : Response 200 OK
2026-02-24 10:32:39.392 DEBUG 195469 --- [freshExecutor-0] o.s.w.c.RestTemplate                     : Reading to [org.springframework.cloud.netflix.eureka.http.EurekaApplications]
2026-02-24 10:32:49.554 DEBUG 195469 --- [freshExecutor-0] o.s.w.c.RestTemplate                     : HTTP GET http://localhost:8761/eureka/apps/delta
2026-02-24 10:32:49.554 DEBUG 195469 --- [freshExecutor-0] o.s.w.c.RestTemplate                     : Accept=[application/json, application/*+json]
2026-02-24 10:32:49.557 DEBUG 195469 --- [freshExecutor-0] o.s.w.c.RestTemplate                     : Response 200 OK
2026-02-24 10:32:49.558 DEBUG 195469 --- [freshExecutor-0] o.s.w.c.RestTemplate                     : Reading to [org.springframework.cloud.netflix.eureka.http.EurekaApplications]
2026-02-24 10:32:48.300 DEBUG 195469 --- [tbeatExecutor-0] o.s.w.c.RestTemplate                     : HTTP PUT http://localhost:8761/eureka/apps/EGOVADMINLOGIN/10.255.255.254:EgovAdminLogin:18021?status=UP&lastDirtyTimestamp=1771896195261
2026-02-24 10:32:48.300 DEBUG 195469 --- [tbeatExecutor-0] o.s.w.c.RestTemplate                     : Accept=[application/json, application/*+json]
2026-02-24 10:32:48.303 DEBUG 195469 --- [tbeatExecutor-0] o.s.w.c.RestTemplate                     : Response 200 OK
2026-02-24 10:32:48.919 DEBUG 195469 --- [freshExecutor-0] o.s.w.c.RestTemplate                     : HTTP GET http://localhost:8761/eureka/apps/delta
2026-02-24 10:32:48.919 DEBUG 195469 --- [freshExecutor-0] o.s.w.c.RestTemplate                     : Accept=[application/json, application/*+json]
2026-02-24 10:32:48.920 DEBUG 195469 --- [freshExecutor-0] o.s.w.c.RestTemplate                     : Response 200 OK
2026-02-24 10:32:48.920 DEBUG 195469 --- [freshExecutor-0] o.s.w.c.RestTemplate                     : Reading to [org.springframework.cloud.netflix.eureka.http.EurekaApplications]
[[1;34mINFO[m] Scanning for projects...
[[1;34mINFO[m] 
[[1;34mINFO[m] [1m--------------------< [0;36megovframework:EgovAdminLogin[0;1m >--------------------[m
[[1;34mINFO[m] [1mBuilding EgovAdminLogin 1.0.0[m
[[1;34mINFO[m] [1m--------------------------------[ jar ]---------------------------------[m
[[1;34mINFO[m] 
[[1;34mINFO[m] [1m>>> [0;32mspring-boot-maven-plugin:2.7.18:run[m [1m(default-cli)[0;1m > [0;1mtest-compile[m @ [36mEgovAdminLogin[0;1m >>>[m
[[1;34mINFO[m] 
[[1;34mINFO[m] [1m--- [0;32mapt-maven-plugin:1.1.3:process[m [1m(default)[m @ [36mEgovAdminLogin[0;1m ---[m
[[1;34mINFO[m] 
[[1;34mINFO[m] [1m--- [0;32mmaven-resources-plugin:3.2.0:resources[m [1m(default-resources)[m @ [36mEgovAdminLogin[0;1m ---[m
[[1;34mINFO[m] Using 'UTF-8' encoding to copy filtered resources.
[[1;34mINFO[m] Using 'UTF-8' encoding to copy filtered properties files.
[[1;34mINFO[m] Copying 1 resource
[[1;34mINFO[m] Copying 597 resources
[[1;34mINFO[m] 
[[1;34mINFO[m] [1m--- [0;32mmaven-compiler-plugin:3.10.1:compile[m [1m(default-compile)[m @ [36mEgovAdminLogin[0;1m ---[m
[[1;34mINFO[m] Changes detected - recompiling the module!
[[1;34mINFO[m] Compiling 38 source files to /opt/carbosys/EgovAdminLogin/target/classes
[[1;34mINFO[m] 
[[1;34mINFO[m] [1m--- [0;32mmaven-resources-plugin:3.2.0:testResources[m [1m(default-testResources)[m @ [36mEgovAdminLogin[0;1m ---[m
[[1;34mINFO[m] Using 'UTF-8' encoding to copy filtered resources.
[[1;34mINFO[m] Using 'UTF-8' encoding to copy filtered properties files.
[[1;34mINFO[m] skip non existing resourceDirectory /opt/carbosys/EgovAdminLogin/src/test/resources
[[1;34mINFO[m] 
[[1;34mINFO[m] [1m--- [0;32mmaven-compiler-plugin:3.10.1:testCompile[m [1m(default-testCompile)[m @ [36mEgovAdminLogin[0;1m ---[m
[[1;34mINFO[m] No sources to compile
[[1;34mINFO[m] 
[[1;34mINFO[m] [1m<<< [0;32mspring-boot-maven-plugin:2.7.18:run[m [1m(default-cli)[0;1m < [0;1mtest-compile[m @ [36mEgovAdminLogin[0;1m <<<[m
[[1;34mINFO[m] 
[[1;34mINFO[m] 
[[1;34mINFO[m] [1m--- [0;32mspring-boot-maven-plugin:2.7.18:run[m [1m(default-cli)[m @ [36mEgovAdminLogin[0;1m ---[m
[[1;34mINFO[m] Attaching agents: []

  .   ____          _            __ _ _
 /\\ / ___'_ __ _ _(_)_ __  __ _ \ \ \ \
( ( )\___ | '_ | '_| | '_ \/ _` | \ \ \ \
 \\/  ___)| |_)| | | | | || (_| |  ) ) ) )
  '  |____| .__|_| |_|_| |_\__, | / / / /
 =========|_|==============|___/=/_/_/_/
 :: Spring Boot ::               (v2.7.18)

2026-02-24 10:46:40.465  INFO 199071 --- [           main] e.c.EgovAdminLoginApplication            : Starting EgovAdminLoginApplication using Java 17.0.18 on DESKTOP-040GL2H with PID 199071 (/opt/carbosys/EgovAdminLogin/target/classes started by root in /opt/carbosys/EgovAdminLogin)
2026-02-24 10:46:40.467 DEBUG 199071 --- [           main] e.c.EgovAdminLoginApplication            : Running with Spring Boot v2.7.18, Spring v5.3.37
2026-02-24 10:46:40.467  INFO 199071 --- [           main] e.c.EgovAdminLoginApplication            : The following 1 profile is active: "local"
2026-02-24 10:46:40.487  INFO 199071 --- [           main] o.s.c.c.c.ConfigServerConfigDataLoader   : Fetching config from server at : http://localhost:8888
2026-02-24 10:46:40.487  INFO 199071 --- [           main] o.s.c.c.c.ConfigServerConfigDataLoader   : Connect Timeout Exception on Url - http://localhost:8888. Will be trying the next url if available
2026-02-24 10:46:40.488  WARN 199071 --- [           main] o.s.c.c.c.ConfigServerConfigDataLoader   : Could not locate PropertySource ([ConfigServerConfigDataResource@53dfacba uris = array<String>['http://localhost:8888'], optional = true, profiles = 'default']): I/O error on GET request for "http://localhost:8888/EgovAdminLogin/default": Connection refused; nested exception is java.net.ConnectException: Connection refused
2026-02-24 10:46:40.488  INFO 199071 --- [           main] o.s.c.c.c.ConfigServerConfigDataLoader   : Fetching config from server at : http://localhost:8888
2026-02-24 10:46:40.488  INFO 199071 --- [           main] o.s.c.c.c.ConfigServerConfigDataLoader   : Connect Timeout Exception on Url - http://localhost:8888. Will be trying the next url if available
2026-02-24 10:46:40.488  WARN 199071 --- [           main] o.s.c.c.c.ConfigServerConfigDataLoader   : Could not locate PropertySource ([ConfigServerConfigDataResource@a50ae65 uris = array<String>['http://localhost:8888'], optional = true, profiles = 'local']): I/O error on GET request for "http://localhost:8888/EgovAdminLogin/local": Connection refused; nested exception is java.net.ConnectException: Connection refused
2026-02-24 10:46:40.488  INFO 199071 --- [           main] o.s.c.c.c.ConfigServerConfigDataLoader   : Fetching config from server at : http://localhost:8888
2026-02-24 10:46:40.488  INFO 199071 --- [           main] o.s.c.c.c.ConfigServerConfigDataLoader   : Connect Timeout Exception on Url - http://localhost:8888. Will be trying the next url if available
2026-02-24 10:46:40.488  WARN 199071 --- [           main] o.s.c.c.c.ConfigServerConfigDataLoader   : Could not locate PropertySource ([ConfigServerConfigDataResource@1280851e uris = array<String>['http://localhost:8888'], optional = true, profiles = 'default']): I/O error on GET request for "http://localhost:8888/EgovAdminLogin/default": Connection refused; nested exception is java.net.ConnectException: Connection refused
2026-02-24 10:46:40.962  INFO 199071 --- [           main] .s.d.r.c.RepositoryConfigurationDelegate : Bootstrapping Spring Data JPA repositories in DEFAULT mode.
2026-02-24 10:46:41.050  INFO 199071 --- [           main] .s.d.r.c.RepositoryConfigurationDelegate : Finished Spring Data repository scanning in 82 ms. Found 4 JPA repository interfaces.
2026-02-24 10:46:41.182  INFO 199071 --- [           main] o.s.c.c.s.GenericScope                   : BeanFactory id=e11dea98-f382-36e0-bcc7-7855647a1b09
2026-02-24 10:46:41.374  INFO 199071 --- [           main] trationDelegate$BeanPostProcessorChecker : Bean 'org.springframework.cloud.client.loadbalancer.reactive.LoadBalancerBeanPostProcessorAutoConfiguration' of type [org.springframework.cloud.client.loadbalancer.reactive.LoadBalancerBeanPostProcessorAutoConfiguration] is not eligible for getting processed by all BeanPostProcessors (for example: not eligible for auto-proxying)
2026-02-24 10:46:41.376  INFO 199071 --- [           main] trationDelegate$BeanPostProcessorChecker : Bean 'org.springframework.cloud.client.loadbalancer.reactive.LoadBalancerBeanPostProcessorAutoConfiguration$ReactorDeferringLoadBalancerFilterConfig' of type [org.springframework.cloud.client.loadbalancer.reactive.LoadBalancerBeanPostProcessorAutoConfiguration$ReactorDeferringLoadBalancerFilterConfig] is not eligible for getting processed by all BeanPostProcessors (for example: not eligible for auto-proxying)
2026-02-24 10:46:41.377  INFO 199071 --- [           main] trationDelegate$BeanPostProcessorChecker : Bean 'reactorDeferringLoadBalancerExchangeFilterFunction' of type [org.springframework.cloud.client.loadbalancer.reactive.DeferringLoadBalancerExchangeFilterFunction] is not eligible for getting processed by all BeanPostProcessors (for example: not eligible for auto-proxying)
2026-02-24 10:46:41.482  INFO 199071 --- [           main] o.s.b.w.e.t.TomcatWebServer              : Tomcat initialized with port(s): 18021 (http)
Feb 24, 2026 10:46:41 AM org.apache.coyote.AbstractProtocol init
INFO: Initializing ProtocolHandler ["http-nio-18021"]
Feb 24, 2026 10:46:41 AM org.apache.catalina.core.StandardService startInternal
INFO: Starting service [Tomcat]
Feb 24, 2026 10:46:41 AM org.apache.catalina.core.StandardEngine startInternal
INFO: Starting Servlet engine: [Apache Tomcat/9.0.83]
Feb 24, 2026 10:46:41 AM org.apache.catalina.core.ApplicationContext log
INFO: Initializing Spring embedded WebApplicationContext
2026-02-24 10:46:41.549  INFO 199071 --- [           main] w.s.c.ServletWebServerApplicationContext : Root WebApplicationContext: initialization completed in 1060 ms
2026-02-24 10:46:41.597  INFO 199071 --- [           main] c.z.h.HikariDataSource                   : HikariPool-1 - Starting...
2026-02-24 10:46:41.617  INFO 199071 --- [           main] c.z.h.p.PoolBase                         : HikariPool-1 - Driver does not support get/set network timeout for connections. (java.lang.UnsupportedOperationException)
2026-02-24 10:46:41.620  INFO 199071 --- [           main] c.z.h.HikariDataSource                   : HikariPool-1 - Start completed.
2026-02-24 10:46:41.735  INFO 199071 --- [           main] o.e.b.s.u.j.EgovJdbcUserDetailsManager   : No authentication manager set. Reauthentication of users when changing passwords will not be performed.
2026-02-24 10:46:41.735  INFO 199071 --- [           main] o.e.b.s.u.j.EgovJdbcUserDetailsManager   : ### EgovJdbcUserDetailsManager.initMappingSqlQueries >>> query : SELECT USER_ID, PASSWORD, 'TRUE' AS ENABLED FROM COMVNUSERMASTER WHERE USER_ID = ?
}
2026-02-24 10:46:41.735  INFO 199071 --- [           main] o.e.b.s.u.j.EgovJdbcUserDetailsManager   : ### EgovJdbcUserDetailsManager.initMappingSqlQueries >>> Mapping Class : org.egovframe.boot.security.userdetails.DefaultMapUserDetailsMapping
2026-02-24 10:46:41.769 DEBUG 199071 --- [           main] e.c.f.AuthorizeFilter                    : Filter 'authorizeFilter' configured for use
2026-02-24 10:46:41.798  INFO 199071 --- [           main] o.h.j.i.u.LogHelper                      : HHH000204: Processing PersistenceUnitInfo [name: default]
2026-02-24 10:46:41.835  INFO 199071 --- [           main] o.h.Version                              : HHH000412: Hibernate ORM core version 5.6.15.Final
2026-02-24 10:46:41.935  INFO 199071 --- [           main] o.h.a.c.Version                          : HCANN000001: Hibernate Commons Annotations {5.1.2.Final}
2026-02-24 10:46:42.025  INFO 199071 --- [           main] o.h.d.Dialect                            : HHH000400: Using dialect: org.hibernate.dialect.CUBRIDDialect
2026-02-24 10:46:42.035  INFO 199071 --- [           main] o.h.o.beans                              : HHH10005002: No explicit CDI BeanManager reference was passed to Hibernate, but CDI is available on the Hibernate ClassLoader.
2026-02-24 10:46:42.361  INFO 199071 --- [           main] o.h.e.t.j.p.i.JtaPlatformInitiator       : HHH000490: Using JtaPlatform implementation: [org.hibernate.engine.transaction.jta.platform.internal.NoJtaPlatform]
2026-02-24 10:46:42.365  INFO 199071 --- [           main] j.LocalContainerEntityManagerFactoryBean : Initialized JPA EntityManagerFactory for persistence unit 'default'
2026-02-24 10:46:42.609  WARN 199071 --- [           main] ConfigServletWebServerApplicationContext : Exception encountered during context initialization - cancelling refresh attempt: org.springframework.beans.factory.BeanCreationException: Error creating bean with name 'egovJwtProvider': Injection of autowired dependencies failed; nested exception is java.lang.IllegalArgumentException: Could not resolve placeholder 'token.accessSecret' in value "${token.accessSecret}"
2026-02-24 10:46:42.610  INFO 199071 --- [           main] j.LocalContainerEntityManagerFactoryBean : Closing JPA EntityManagerFactory for persistence unit 'default'
2026-02-24 10:46:42.610  INFO 199071 --- [           main] c.z.h.HikariDataSource                   : HikariPool-1 - Shutdown initiated...
2026-02-24 10:46:42.614  INFO 199071 --- [           main] c.z.h.HikariDataSource                   : HikariPool-1 - Shutdown completed.
Feb 24, 2026 10:46:42 AM org.apache.catalina.core.StandardService stopInternal
INFO: Stopping service [Tomcat]
2026-02-24 10:46:42.638 ERROR 199071 --- [           main] o.s.b.SpringApplication                  : Application run failed

org.springframework.beans.factory.BeanCreationException: Error creating bean with name 'egovJwtProvider': Injection of autowired dependencies failed; nested exception is java.lang.IllegalArgumentException: Could not resolve placeholder 'token.accessSecret' in value "${token.accessSecret}"
	at org.springframework.beans.factory.annotation.AutowiredAnnotationBeanPostProcessor.postProcessProperties(AutowiredAnnotationBeanPostProcessor.java:414) ~[spring-beans-5.3.37.jar:5.3.37]
	at org.springframework.beans.factory.support.AbstractAutowireCapableBeanFactory.populateBean(AbstractAutowireCapableBeanFactory.java:1431) ~[spring-beans-5.3.37.jar:5.3.37]
	at org.springframework.beans.factory.support.AbstractAutowireCapableBeanFactory.doCreateBean(AbstractAutowireCapableBeanFactory.java:619) ~[spring-beans-5.3.37.jar:5.3.37]
	at org.springframework.beans.factory.support.AbstractAutowireCapableBeanFactory.createBean(AbstractAutowireCapableBeanFactory.java:542) ~[spring-beans-5.3.37.jar:5.3.37]
	at org.springframework.beans.factory.support.AbstractBeanFactory.lambda$doGetBean$0(AbstractBeanFactory.java:336) ~[spring-beans-5.3.37.jar:5.3.37]
	at org.springframework.beans.factory.support.DefaultSingletonBeanRegistry.getSingleton(DefaultSingletonBeanRegistry.java:234) ~[spring-beans-5.3.37.jar:5.3.37]
	at org.springframework.beans.factory.support.AbstractBeanFactory.doGetBean(AbstractBeanFactory.java:334) ~[spring-beans-5.3.37.jar:5.3.37]
	at org.springframework.beans.factory.support.AbstractBeanFactory.getBean(AbstractBeanFactory.java:209) ~[spring-beans-5.3.37.jar:5.3.37]
	at org.springframework.beans.factory.support.DefaultListableBeanFactory.preInstantiateSingletons(DefaultListableBeanFactory.java:955) ~[spring-beans-5.3.37.jar:5.3.37]
	at org.springframework.context.support.AbstractApplicationContext.finishBeanFactoryInitialization(AbstractApplicationContext.java:932) ~[spring-context-5.3.37.jar:5.3.37]
	at org.springframework.context.support.AbstractApplicationContext.refresh(AbstractApplicationContext.java:591) ~[spring-context-5.3.37.jar:5.3.37]
	at org.springframework.boot.web.servlet.context.ServletWebServerApplicationContext.refresh(ServletWebServerApplicationContext.java:147) ~[spring-boot-2.7.18.jar:2.7.18]
	at org.springframework.boot.SpringApplication.refresh(SpringApplication.java:732) ~[spring-boot-2.7.18.jar:2.7.18]
	at org.springframework.boot.SpringApplication.refreshContext(SpringApplication.java:409) ~[spring-boot-2.7.18.jar:2.7.18]
	at org.springframework.boot.SpringApplication.run(SpringApplication.java:308) ~[spring-boot-2.7.18.jar:2.7.18]
	at org.springframework.boot.SpringApplication.run(SpringApplication.java:1300) ~[spring-boot-2.7.18.jar:2.7.18]
	at org.springframework.boot.SpringApplication.run(SpringApplication.java:1289) ~[spring-boot-2.7.18.jar:2.7.18]
	at egovframework.com.EgovAdminLoginApplication.main(EgovAdminLoginApplication.java:15) ~[classes/:?]
Caused by: java.lang.IllegalArgumentException: Could not resolve placeholder 'token.accessSecret' in value "${token.accessSecret}"
	at org.springframework.util.PropertyPlaceholderHelper.parseStringValue(PropertyPlaceholderHelper.java:180) ~[spring-core-5.3.37.jar:5.3.37]
	at org.springframework.util.PropertyPlaceholderHelper.replacePlaceholders(PropertyPlaceholderHelper.java:126) ~[spring-core-5.3.37.jar:5.3.37]
	at org.springframework.core.env.AbstractPropertyResolver.doResolvePlaceholders(AbstractPropertyResolver.java:239) ~[spring-core-5.3.37.jar:5.3.37]
	at org.springframework.core.env.AbstractPropertyResolver.resolveRequiredPlaceholders(AbstractPropertyResolver.java:210) ~[spring-core-5.3.37.jar:5.3.37]
	at org.springframework.context.support.PropertySourcesPlaceholderConfigurer.lambda$processProperties$0(PropertySourcesPlaceholderConfigurer.java:191) ~[spring-context-5.3.37.jar:5.3.37]
	at org.springframework.beans.factory.support.AbstractBeanFactory.resolveEmbeddedValue(AbstractBeanFactory.java:937) ~[spring-beans-5.3.37.jar:5.3.37]
	at org.springframework.beans.factory.support.DefaultListableBeanFactory.doResolveDependency(DefaultListableBeanFactory.java:1332) ~[spring-beans-5.3.37.jar:5.3.37]
	at org.springframework.beans.factory.support.DefaultListableBeanFactory.resolveDependency(DefaultListableBeanFactory.java:1311) ~[spring-beans-5.3.37.jar:5.3.37]
	at org.springframework.beans.factory.annotation.AutowiredAnnotationBeanPostProcessor$AutowiredFieldElement.resolveFieldValue(AutowiredAnnotationBeanPostProcessor.java:710) ~[spring-beans-5.3.37.jar:5.3.37]
	at org.springframework.beans.factory.annotation.AutowiredAnnotationBeanPostProcessor$AutowiredFieldElement.inject(AutowiredAnnotationBeanPostProcessor.java:693) ~[spring-beans-5.3.37.jar:5.3.37]
	at org.springframework.beans.factory.annotation.InjectionMetadata.inject(InjectionMetadata.java:119) ~[spring-beans-5.3.37.jar:5.3.37]
	at org.springframework.beans.factory.annotation.AutowiredAnnotationBeanPostProcessor.postProcessProperties(AutowiredAnnotationBeanPostProcessor.java:408) ~[spring-beans-5.3.37.jar:5.3.37]
	... 17 more

[[1;34mINFO[m] [1m------------------------------------------------------------------------[m
[[1;34mINFO[m] [1;31mBUILD FAILURE[m
[[1;34mINFO[m] [1m------------------------------------------------------------------------[m
[[1;34mINFO[m] Total time:  5.396 s
[[1;34mINFO[m] Finished at: 2026-02-24T10:46:42+09:00
[[1;34mINFO[m] [1m------------------------------------------------------------------------[m
[[1;31mERROR[m] Failed to execute goal [32morg.springframework.boot:spring-boot-maven-plugin:2.7.18:run[m [1m(default-cli)[m on project [36mEgovAdminLogin[m: [1;31mApplication finished with exit code: 1[m -> [1m[Help 1][m
[[1;31mERROR[m] 
[[1;31mERROR[m] To see the full stack trace of the errors, re-run Maven with the [1m-e[m switch.
[[1;31mERROR[m] Re-run Maven using the [1m-X[m switch to enable full debug logging.
[[1;31mERROR[m] 
[[1;31mERROR[m] For more information about the errors and possible solutions, please read the following articles:
[[1;31mERROR[m] [1m[Help 1][m http://cwiki.apache.org/confluence/display/MAVEN/MojoExecutionException
